,filepath,x_centroid,y_centroid,x_min,y_min,x_max,y_max,detection_confidence
0,/Volumes/SmithL0/2026/BIOL470/Final/0415/bee_0415_exp_05/bee_0415_exp_05_opto_2026-04-16_01-02-28_arena_circle_1.mp4,3239.0,2393.5,2931,2053,3547,2734,0.7248918
1,/Volumes/SmithL0/2026/BIOL470/Final/0415/bee_0415_exp_05/bee_0415_exp_05_opto_2026-04-16_01-02-28_arena_circle_1.mp4,3220.0,2375.5,2896,2046,3544,2705,0.7503176
2,/Volumes/SmithL0/2026/BIOL470/Final/0415/bee_0415_exp_05/bee_0415_exp_05_opto_2026-04-16_01-02-28_arena_circle_1.mp4,3222.5,2361.0,2876,2026,3569,2696,0.741414
3,/Volumes/SmithL0/2026/BIOL470/Final/0415/bee_0415_exp_05/bee_0415_exp_05_opto_2026-04-16_01-02-28_arena_circle_1.mp4,3215.0,2357.0,2865,2027,3565,2687,0.74992895
4,/Volumes/SmithL0/2026/BIOL470/Final/0415/bee_0415_exp_05/bee_0415_exp_05_opto_2026-04-16_01-02-28_arena_circle_1.mp4,3168.0,2397.5,2814,2074,3522,2721,0.76973736
5,/Volumes/SmithL0/2026/BIOL470/Final/0415/bee_0415_exp_05/bee_0415_exp_05_opto_2026-04-16_01-02-28_arena_circle_1.mp4,3119.0,2437.5,2769,2116,3469,2759,0.70768696
6,/Volumes/SmithL0/2026/BIOL470/Final/0415/bee_0415_exp_05/bee_0415_exp_05_opto_2026-04-16_01-02-28_arena_circle_1.mp4,3034.0,2551.0,2718,2225,3350,2877,0.7469614
7,/Volumes/SmithL0/2026/BIOL470/Final/0415/bee_0415_exp_05/bee_0415_exp_05_opto_2026-04-16_01-02-28_arena_circle_1.mp4,2974.5,2637.0,2667,2313,3282,2961,0.6904754
8,/Volumes/SmithL0/2026/BIOL470/Final/0415/bee_0415_exp_05/bee_0415_exp_05_opto_2026-04-16_01-02-28_arena_circle_1.mp4,2908.5,2677.0,2586,2361,3231,2993,0.76923615
9,/Volumes/SmithL0/2026/BIOL470/Final/0415/bee_0415_exp_05/bee_0415_exp_05_opto_2026-04-16_01-02-28_arena_circle_1.mp4,2882.0,2679.0,2569,2360,3195,2998,0.7649734
10,/Volumes/SmithL0/2026/BIOL470/Final/0415/bee_0415_exp_05/bee_0415_exp_05_opto_2026-04-16_01-02-28_arena_circle_1.mp4,2876.0,2678.0,2542,2359,3210,2997,0.76003087
11,/Volumes/SmithL0/2026/BIOL470/Final/0415/bee_0415_exp_05/bee_0415_exp_05_opto_2026-04-16_01-02-28_arena_circle_1.mp4,2801.5,2742.0,2442,2448,3161,3036,0.75072896
12,/Volumes/SmithL0/2026/BIOL470/Final/0415/bee_0415_exp_05/bee_0415_exp_05_opto_2026-04-16_01-02-28_arena_circle_1.mp4,2761.5,2738.5,2419,2441,3104,3036,0.69196486
13,/Volumes/SmithL0/2026/BIOL470/Final/0415/bee_0415_exp_05/bee_0415_exp_05_opto_2026-04-16_01-02-28_arena_circle_1.mp4,2674.0,2748.5,2330,2457,3018,3040,0.7606279
14,/Volumes/SmithL0/2026/BIOL470/Final/0415/bee_0415_exp_05/bee_0415_exp_05_opto_2026-04-16_01-02-28_arena_circle_1.mp4,2674.5,2743.0,2342,2447,3007,3039,0.7304667
15,/Volumes/SmithL0/2026/BIOL470/Final/0415/bee_0415_exp_05/bee_0415_exp_05_opto_2026-04-16_01-02-28_arena_circle_1.mp4,2690.5,2745.5,2364,2451,3017,3040,0.73562175
16,/Volumes/SmithL0/2026/BIOL470/Final/0415/bee_0415_exp_05/bee_0415_exp_05_opto_2026-04-16_01-02-28_arena_circle_1.mp4,2673.5,2743.0,2339,2453,3008,3033,0.74153584
17,/Volumes/SmithL0/2026/BIOL470/Final/0415/bee_0415_exp_05/bee_0415_exp_05_opto_2026-04-16_01-02-28_arena_circle_1.mp4,2688.0,2739.0,2360,2455,3016,3023,0.7368869
18,/Volumes/SmithL0/2026/BIOL470/Final/0415/bee_0415_exp_05/bee_0415_exp_05_opto_2026-04-16_01-02-28_arena_circle_1.mp4,2734.5,2749.5,2459,2460,3010,3039,0.73245746
19,/Volumes/SmithL0/2026/BIOL470/Final/0415/bee_0415_exp_05/bee_0415_exp_05_opto_2026-04-16_01-02-28_arena_circle_1.mp4,2726.0,2719.0,2421,2437,3031,3001,0.71749955
20,/Volumes/SmithL0/2026/BIOL470/Final/0415/bee_0415_exp_05/bee_0415_exp_05_opto_2026-04-16_01-02-28_arena_circle_1.mp4,2745.0,2733.5,2452,2454,3038,3013,0.7160927
21,/Volumes/SmithL0/2026/BIOL470/Final/0415/bee_0415_exp_05/bee_0415_exp_05_opto_2026-04-16_01-02-28_arena_circle_1.mp4,2746.5,2745.0,2460,2458,3033,3032,0.7130294
22,/Volumes/SmithL0/2026/BIOL470/Final/0415/bee_0415_exp_05/bee_0415_exp_05_opto_2026-04-16_01-02-28_arena_circle_1.mp4,2762.0,2726.5,2474,2441,3050,3012,0.7016158
23,/Volumes/SmithL0/2026/BIOL470/Final/0415/bee_0415_exp_05/bee_0415_exp_05_opto_2026-04-16_01-02-28_arena_circle_1.mp4,2761.0,2712.5,2466,2425,3056,3000,0.7256044
24,/Volumes/SmithL0/2026/BIOL470/Final/0415/bee_0415_exp_05/bee_0415_exp_05_opto_2026-04-16_01-02-28_arena_circle_1.mp4,2750.0,2722.0,2444,2420,3056,3024,0.7168305
25,/Volumes/SmithL0/2026/BIOL470/Final/0415/bee_0415_exp_05/bee_0415_exp_05_opto_2026-04-16_01-02-28_arena_circle_1.mp4,2709.0,2736.0,2371,2432,3047,3040,0.70766824
26,/Volumes/SmithL0/2026/BIOL470/Final/0415/bee_0415_exp_05/bee_0415_exp_05_opto_2026-04-16_01-02-28_arena_circle_1.mp4,2697.0,2742.0,2359,2449,3035,3035,0.7521564
27,/Volumes/SmithL0/2026/BIOL470/Final/0415/bee_0415_exp_05/bee_0415_exp_05_opto_2026-04-16_01-02-28_arena_circle_1.mp4,2632.5,2757.0,2308,2475,2957,3039,0.7460174
28,/Volumes/SmithL0/2026/BIOL470/Final/0415/bee_0415_exp_05/bee_0415_exp_05_opto_2026-04-16_01-02-28_arena_circle_1.mp4,2611.5,2773.0,2261,2507,2962,3039,0.7303829
29,/Volumes/SmithL0/2026/BIOL470/Final/0415/bee_0415_exp_05/bee_0415_exp_05_opto_2026-04-16_01-02-28_arena_circle_1.mp4,2629.5,2754.0,2273,2469,2986,3039,0.7251486
30,/Volumes/SmithL0/2026/BIOL470/Final/0415/bee_0415_exp_05/bee_0415_exp_05_opto_2026-04-16_01-02-28_arena_circle_1.mp4,2640.5,2744.0,2288,2449,2993,3039,0.7039746
31,/Volumes/SmithL0/2026/BIOL470/Final/0415/bee_0415_exp_05/bee_0415_exp_05_opto_2026-04-16_01-02-28_arena_circle_1.mp4,2631.0,2723.5,2275,2422,2987,3025,0.695657
32,/Volumes/SmithL0/2026/BIOL470/Final/0415/bee_0415_exp_05/bee_0415_exp_05_opto_2026-04-16_01-02-28_arena_circle_1.mp4,2682.0,2716.0,2344,2413,3020,3019,0.7077078
33,/Volumes/SmithL0/2026/BIOL470/Final/0415/bee_0415_exp_05/bee_0415_exp_05_opto_2026-04-16_01-02-28_arena_circle_1.mp4,2690.5,2719.0,2362,2415,3019,3023,0.71310633
34,/Volumes/SmithL0/2026/BIOL470/Final/0415/bee_0415_exp_05/bee_0415_exp_05_opto_2026-04-16_01-02-28_arena_circle_1.mp4,2688.5,2711.5,2370,2413,3007,3010,0.7194725
35,/Volumes/SmithL0/2026/BIOL470/Final/0415/bee_0415_exp_05/bee_0415_exp_05_opto_2026-04-16_01-02-28_arena_circle_1.mp4,2674.0,2709.0,2346,2402,3002,3016,0.7300348
36,/Volumes/SmithL0/2026/BIOL470/Final/0415/bee_0415_exp_05/bee_0415_exp_05_opto_2026-04-16_01-02-28_arena_circle_1.mp4,2696.5,2720.5,2373,2408,3020,3033,0.7162517
37,/Volumes/SmithL0/2026/BIOL470/Final/0415/bee_0415_exp_05/bee_0415_exp_05_opto_2026-04-16_01-02-28_arena_circle_1.mp4,2729.0,2747.5,2422,2455,3036,3040,0.7182251
38,/Volumes/SmithL0/2026/BIOL470/Final/0415/bee_0415_exp_05/bee_0415_exp_05_opto_2026-04-16_01-02-28_arena_circle_1.mp4,2697.5,2755.5,2378,2472,3017,3039,0.75973874
39,/Volumes/SmithL0/2026/BIOL470/Final/0415/bee_0415_exp_05/bee_0415_exp_05_opto_2026-04-16_01-02-28_arena_circle_1.mp4,2707.0,2756.0,2390,2473,3024,3039,0.76446646
40,/Volumes/SmithL0/2026/BIOL470/Final/0415/bee_0415_exp_05/bee_0415_exp_05_opto_2026-04-16_01-02-28_arena_circle_1.mp4,2742.0,2756.0,2417,2474,3067,3038,0.753729
41,/Volumes/SmithL0/2026/BIOL470/Final/0415/bee_0415_exp_05/bee_0415_exp_05_opto_2026-04-16_01-02-28_arena_circle_1.mp4,2747.0,2756.5,2414,2475,3080,3038,0.74296045
42,/Volumes/SmithL0/2026/BIOL470/Final/0415/bee_0415_exp_05/bee_0415_exp_05_opto_2026-04-16_01-02-28_arena_circle_1.mp4,2750.5,2757.5,2411,2478,3090,3037,0.7339582
43,/Volumes/SmithL0/2026/BIOL470/Final/0415/bee_0415_exp_05/bee_0415_exp_05_opto_2026-04-16_01-02-28_arena_circle_1.mp4,2755.5,2756.5,2410,2479,3101,3034,0.7196264
44,/Volumes/SmithL0/2026/BIOL470/Final/0415/bee_0415_exp_05/bee_0415_exp_05_opto_2026-04-16_01-02-28_arena_circle_1.mp4,2761.0,2768.0,2423,2500,3099,3036,0.7355608
45,/Volumes/SmithL0/2026/BIOL470/Final/0415/bee_0415_exp_05/bee_0415_exp_05_opto_2026-04-16_01-02-28_arena_circle_1.mp4,2779.5,2771.5,2430,2507,3129,3036,0.7157336
46,/Volumes/SmithL0/2026/BIOL470/Final/0415/bee_0415_exp_05/bee_0415_exp_05_opto_2026-04-16_01-02-28_arena_circle_1.mp4,2786.5,2768.0,2424,2502,3149,3034,0.71286243
47,/Volumes/SmithL0/2026/BIOL470/Final/0415/bee_0415_exp_05/bee_0415_exp_05_opto_2026-04-16_01-02-28_arena_circle_1.mp4,2798.5,2759.5,2456,2483,3141,3036,0.6841472
48,/Volumes/SmithL0/2026/BIOL470/Final/0415/bee_0415_exp_05/bee_0415_exp_05_opto_2026-04-16_01-02-28_arena_circle_1.mp4,2766.5,2757.5,2434,2479,3099,3036,0.7494056
49,/Volumes/SmithL0/2026/BIOL470/Final/0415/bee_0415_exp_05/bee_0415_exp_05_opto_2026-04-16_01-02-28_arena_circle_1.mp4,2767.5,2763.0,2439,2491,3096,3035,0.7516553
50,/Volumes/SmithL0/2026/BIOL470/Final/0415/bee_0415_exp_05/bee_0415_exp_05_opto_2026-04-16_01-02-28_arena_circle_1.mp4,2764.5,2754.5,2430,2476,3099,3033,0.73756117
51,/Volumes/SmithL0/2026/BIOL470/Final/0415/bee_0415_exp_05/bee_0415_exp_05_opto_2026-04-16_01-02-28_arena_circle_1.mp4,2772.0,2755.5,2453,2474,3091,3037,0.75859755
52,/Volumes/SmithL0/2026/BIOL470/Final/0415/bee_0415_exp_05/bee_0415_exp_05_opto_2026-04-16_01-02-28_arena_circle_1.mp4,2759.5,2755.0,2429,2477,3090,3033,0.7462719
53,/Volumes/SmithL0/2026/BIOL470/Final/0415/bee_0415_exp_05/bee_0415_exp_05_opto_2026-04-16_01-02-28_arena_circle_1.mp4,2770.0,2750.0,2438,2470,3102,3030,0.7266124
54,/Volumes/SmithL0/2026/BIOL470/Final/0415/bee_0415_exp_05/bee_0415_exp_05_opto_2026-04-16_01-02-28_arena_circle_1.mp4,2763.5,2750.5,2441,2469,3086,3032,0.73384416
55,/Volumes/SmithL0/2026/BIOL470/Final/0415/bee_0415_exp_05/bee_0415_exp_05_opto_2026-04-16_01-02-28_arena_circle_1.mp4,2775.0,2754.5,2444,2474,3106,3035,0.7365688
56,/Volumes/SmithL0/2026/BIOL470/Final/0415/bee_0415_exp_05/bee_0415_exp_05_opto_2026-04-16_01-02-28_arena_circle_1.mp4,2776.5,2755.0,2454,2477,3099,3033,0.7464104
57,/Volumes/SmithL0/2026/BIOL470/Final/0415/bee_0415_exp_05/bee_0415_exp_05_opto_2026-04-16_01-02-28_arena_circle_1.mp4,2769.5,2755.0,2450,2476,3089,3034,0.7505597
58,/Volumes/SmithL0/2026/BIOL470/Final/0415/bee_0415_exp_05/bee_0415_exp_05_opto_2026-04-16_01-02-28_arena_circle_1.mp4,2775.5,2752.0,2448,2472,3103,3032,0.73971236
59,/Volumes/SmithL0/2026/BIOL470/Final/0415/bee_0415_exp_05/bee_0415_exp_05_opto_2026-04-16_01-02-28_arena_circle_1.mp4,2697.0,2739.0,2455,2478,2939,3000,0.6496851
60,/Volumes/SmithL0/2026/BIOL470/Final/0415/bee_0415_exp_05/bee_0415_exp_05_opto_2026-04-16_01-02-28_arena_circle_1.mp4,2771.0,2753.0,2447,2471,3095,3035,0.7320441
61,/Volumes/SmithL0/2026/BIOL470/Final/0415/bee_0415_exp_05/bee_0415_exp_05_opto_2026-04-16_01-02-28_arena_circle_1.mp4,2782.0,2755.0,2462,2470,3102,3040,0.70503134
62,/Volumes/SmithL0/2026/BIOL470/Final/0415/bee_0415_exp_05/bee_0415_exp_05_opto_2026-04-16_01-02-28_arena_circle_1.mp4,2778.5,2758.5,2462,2478,3095,3039,0.739738
63,/Volumes/SmithL0/2026/BIOL470/Final/0415/bee_0415_exp_05/bee_0415_exp_05_opto_2026-04-16_01-02-28_arena_circle_1.mp4,2781.0,2765.5,2459,2492,3103,3039,0.7339454
64,/Volumes/SmithL0/2026/BIOL470/Final/0415/bee_0415_exp_05/bee_0415_exp_05_opto_2026-04-16_01-02-28_arena_circle_1.mp4,2783.5,2757.5,2459,2477,3108,3038,0.73189974
65,/Volumes/SmithL0/2026/BIOL470/Final/0415/bee_0415_exp_05/bee_0415_exp_05_opto_2026-04-16_01-02-28_arena_circle_1.mp4,2812.5,2755.0,2514,2471,3111,3039,0.7099961
66,/Volumes/SmithL0/2026/BIOL470/Final/0415/bee_0415_exp_05/bee_0415_exp_05_opto_2026-04-16_01-02-28_arena_circle_1.mp4,2793.5,2767.0,2479,2494,3108,3040,0.724791
67,/Volumes/SmithL0/2026/BIOL470/Final/0415/bee_0415_exp_05/bee_0415_exp_05_opto_2026-04-16_01-02-28_arena_circle_1.mp4,2800.0,2761.5,2482,2484,3118,3039,0.7141836
68,/Volumes/SmithL0/2026/BIOL470/Final/0415/bee_0415_exp_05/bee_0415_exp_05_opto_2026-04-16_01-02-28_arena_circle_1.mp4,2816.0,2765.5,2524,2491,3108,3040,0.7237044
69,/Volumes/SmithL0/2026/BIOL470/Final/0415/bee_0415_exp_05/bee_0415_exp_05_opto_2026-04-16_01-02-28_arena_circle_1.mp4,2785.0,2762.0,2475,2484,3095,3040,0.7282359
70,/Volumes/SmithL0/2026/BIOL470/Final/0415/bee_0415_exp_05/bee_0415_exp_05_opto_2026-04-16_01-02-28_arena_circle_1.mp4,2790.5,2760.0,2481,2480,3100,3040,0.724587
71,/Volumes/SmithL0/2026/BIOL470/Final/0415/bee_0415_exp_05/bee_0415_exp_05_opto_2026-04-16_01-02-28_arena_circle_1.mp4,2766.5,2764.5,2485,2489,3048,3040,0.7273721
72,/Volumes/SmithL0/2026/BIOL470/Final/0415/bee_0415_exp_05/bee_0415_exp_05_opto_2026-04-16_01-02-28_arena_circle_1.mp4,2776.5,2773.5,2455,2507,3098,3040,0.72377384
73,/Volumes/SmithL0/2026/BIOL470/Final/0415/bee_0415_exp_05/bee_0415_exp_05_opto_2026-04-16_01-02-28_arena_circle_1.mp4,2760.0,2769.5,2479,2500,3041,3039,0.7169836
74,/Volumes/SmithL0/2026/BIOL470/Final/0415/bee_0415_exp_05/bee_0415_exp_05_opto_2026-04-16_01-02-28_arena_circle_1.mp4,2771.0,2772.5,2485,2505,3057,3040,0.6906847
75,/Volumes/SmithL0/2026/BIOL470/Final/0415/bee_0415_exp_05/bee_0415_exp_05_opto_2026-04-16_01-02-28_arena_circle_1.mp4,2781.0,2769.0,2478,2499,3084,3039,0.71604186
76,/Volumes/SmithL0/2026/BIOL470/Final/0415/bee_0415_exp_05/bee_0415_exp_05_opto_2026-04-16_01-02-28_arena_circle_1.mp4,2738.0,2762.5,2464,2486,3012,3039,0.7426728
77,/Volumes/SmithL0/2026/BIOL470/Final/0415/bee_0415_exp_05/bee_0415_exp_05_opto_2026-04-16_01-02-28_arena_circle_1.mp4,2771.5,2771.0,2452,2502,3091,3040,0.73152083
78,/Volumes/SmithL0/2026/BIOL470/Final/0415/bee_0415_exp_05/bee_0415_exp_05_opto_2026-04-16_01-02-28_arena_circle_1.mp4,2760.0,2757.0,2463,2475,3057,3039,0.7476702
79,/Volumes/SmithL0/2026/BIOL470/Final/0415/bee_0415_exp_05/bee_0415_exp_05_opto_2026-04-16_01-02-28_arena_circle_1.mp4,2754.0,2761.0,2444,2485,3064,3037,0.7377281
80,/Volumes/SmithL0/2026/BIOL470/Final/0415/bee_0415_exp_05/bee_0415_exp_05_opto_2026-04-16_01-02-28_arena_circle_1.mp4,2748.5,2769.0,2457,2498,3040,3040,0.7258663
81,/Volumes/SmithL0/2026/BIOL470/Final/0415/bee_0415_exp_05/bee_0415_exp_05_opto_2026-04-16_01-02-28_arena_circle_1.mp4,2730.5,2771.0,2420,2503,3041,3039,0.7167128
82,/Volumes/SmithL0/2026/BIOL470/Final/0415/bee_0415_exp_05/bee_0415_exp_05_opto_2026-04-16_01-02-28_arena_circle_1.mp4,2758.5,2764.5,2457,2490,3060,3039,0.72776955
83,/Volumes/SmithL0/2026/BIOL470/Final/0415/bee_0415_exp_05/bee_0415_exp_05_opto_2026-04-16_01-02-28_arena_circle_1.mp4,2710.0,2766.5,2378,2498,3042,3035,0.69639057
84,/Volumes/SmithL0/2026/BIOL470/Final/0415/bee_0415_exp_05/bee_0415_exp_05_opto_2026-04-16_01-02-28_arena_circle_1.mp4,2724.0,2761.5,2418,2484,3030,3039,0.68488264
85,/Volumes/SmithL0/2026/BIOL470/Final/0415/bee_0415_exp_05/bee_0415_exp_05_opto_2026-04-16_01-02-28_arena_circle_1.mp4,2716.5,2772.5,2431,2505,3002,3040,0.72158927
86,/Volumes/SmithL0/2026/BIOL470/Final/0415/bee_0415_exp_05/bee_0415_exp_05_opto_2026-04-16_01-02-28_arena_circle_1.mp4,2720.0,2768.5,2440,2498,3000,3039,0.74160284
87,/Volumes/SmithL0/2026/BIOL470/Final/0415/bee_0415_exp_05/bee_0415_exp_05_opto_2026-04-16_01-02-28_arena_circle_1.mp4,2733.5,2768.5,2416,2498,3051,3039,0.6768869
88,/Volumes/SmithL0/2026/BIOL470/Final/0415/bee_0415_exp_05/bee_0415_exp_05_opto_2026-04-16_01-02-28_arena_circle_1.mp4,2746.0,2769.5,2444,2500,3048,3039,0.7182053
89,/Volumes/SmithL0/2026/BIOL470/Final/0415/bee_0415_exp_05/bee_0415_exp_05_opto_2026-04-16_01-02-28_arena_circle_1.mp4,2752.5,2761.5,2467,2484,3038,3039,0.7052017
90,/Volumes/SmithL0/2026/BIOL470/Final/0415/bee_0415_exp_05/bee_0415_exp_05_opto_2026-04-16_01-02-28_arena_circle_1.mp4,2753.5,2756.5,2467,2474,3040,3039,0.70901513
91,/Volumes/SmithL0/2026/BIOL470/Final/0415/bee_0415_exp_05/bee_0415_exp_05_opto_2026-04-16_01-02-28_arena_circle_1.mp4,2802.5,2754.0,2538,2469,3067,3039,0.72096074
92,/Volumes/SmithL0/2026/BIOL470/Final/0415/bee_0415_exp_05/bee_0415_exp_05_opto_2026-04-16_01-02-28_arena_circle_1.mp4,2725.5,2755.5,2443,2472,3008,3039,0.7166074
93,/Volumes/SmithL0/2026/BIOL470/Final/0415/bee_0415_exp_05/bee_0415_exp_05_opto_2026-04-16_01-02-28_arena_circle_1.mp4,2822.5,2757.0,2516,2475,3129,3039,0.73789614
94,/Volumes/SmithL0/2026/BIOL470/Final/0415/bee_0415_exp_05/bee_0415_exp_05_opto_2026-04-16_01-02-28_arena_circle_1.mp4,2807.5,2761.0,2521,2483,3094,3039,0.7375123
95,/Volumes/SmithL0/2026/BIOL470/Final/0415/bee_0415_exp_05/bee_0415_exp_05_opto_2026-04-16_01-02-28_arena_circle_1.mp4,2818.5,2763.0,2549,2487,3088,3039,0.7460143
96,/Volumes/SmithL0/2026/BIOL470/Final/0415/bee_0415_exp_05/bee_0415_exp_05_opto_2026-04-16_01-02-28_arena_circle_1.mp4,2818.5,2772.0,2549,2505,3088,3039,0.7149424
97,/Volumes/SmithL0/2026/BIOL470/Final/0415/bee_0415_exp_05/bee_0415_exp_05_opto_2026-04-16_01-02-28_arena_circle_1.mp4,2710.0,2769.0,2396,2499,3024,3039,0.70850533
98,/Volumes/SmithL0/2026/BIOL470/Final/0415/bee_0415_exp_05/bee_0415_exp_05_opto_2026-04-16_01-02-28_arena_circle_1.mp4,2733.5,2769.5,2408,2499,3059,3040,0.7191798
99,/Volumes/SmithL0/2026/BIOL470/Final/0415/bee_0415_exp_05/bee_0415_exp_05_opto_2026-04-16_01-02-28_arena_circle_1.mp4,2800.5,2773.0,2515,2506,3086,3040,0.72236586
100,/Volumes/SmithL0/2026/BIOL470/Final/0415/bee_0415_exp_05/bee_0415_exp_05_opto_2026-04-16_01-02-28_arena_circle_1.mp4,2813.5,2777.0,2528,2514,3099,3040,0.72421885
101,/Volumes/SmithL0/2026/BIOL470/Final/0415/bee_0415_exp_05/bee_0415_exp_05_opto_2026-04-16_01-02-28_arena_circle_1.mp4,2807.5,2771.0,2465,2503,3150,3039,0.73291445
102,/Volumes/SmithL0/2026/BIOL470/Final/0415/bee_0415_exp_05/bee_0415_exp_05_opto_2026-04-16_01-02-28_arena_circle_1.mp4,2799.0,2713.0,2439,2423,3159,3003,0.7421687
103,/Volumes/SmithL0/2026/BIOL470/Final/0415/bee_0415_exp_05/bee_0415_exp_05_opto_2026-04-16_01-02-28_arena_circle_1.mp4,2723.5,2717.0,2352,2436,3095,2998,0.7870182
104,/Volumes/SmithL0/2026/BIOL470/Final/0415/bee_0415_exp_05/bee_0415_exp_05_opto_2026-04-16_01-02-28_arena_circle_1.mp4,2638.5,2717.0,2280,2438,2997,2996,0.7604387
105,/Volumes/SmithL0/2026/BIOL470/Final/0415/bee_0415_exp_05/bee_0415_exp_05_opto_2026-04-16_01-02-28_arena_circle_1.mp4,2482.5,2745.0,2110,2468,2855,3022,0.758178
106,/Volumes/SmithL0/2026/BIOL470/Final/0415/bee_0415_exp_05/bee_0415_exp_05_opto_2026-04-16_01-02-28_arena_circle_1.mp4,2405.5,2762.5,2050,2489,2761,3036,0.7699672
107,/Volumes/SmithL0/2026/BIOL470/Final/0415/bee_0415_exp_05/bee_0415_exp_05_opto_2026-04-16_01-02-28_arena_circle_1.mp4,2274.5,2785.5,1918,2535,2631,3036,0.7336478
108,/Volumes/SmithL0/2026/BIOL470/Final/0415/bee_0415_exp_05/bee_0415_exp_05_opto_2026-04-16_01-02-28_arena_circle_1.mp4,2163.5,2793.5,1809,2548,2518,3039,0.74748474
109,/Volumes/SmithL0/2026/BIOL470/Final/0415/bee_0415_exp_05/bee_0415_exp_05_opto_2026-04-16_01-02-28_arena_circle_1.mp4,2125.0,2762.5,1773,2523,2477,3002,0.75751436
110,/Volumes/SmithL0/2026/BIOL470/Final/0415/bee_0415_exp_05/bee_0415_exp_05_opto_2026-04-16_01-02-28_arena_circle_1.mp4,2072.0,2758.0,1733,2516,2411,3000,0.7277079
111,/Volumes/SmithL0/2026/BIOL470/Final/0415/bee_0415_exp_05/bee_0415_exp_05_opto_2026-04-16_01-02-28_arena_circle_1.mp4,1979.5,2727.0,1621,2479,2338,2975,0.7609844
112,/Volumes/SmithL0/2026/BIOL470/Final/0415/bee_0415_exp_05/bee_0415_exp_05_opto_2026-04-16_01-02-28_arena_circle_1.mp4,1929.0,2749.0,1578,2536,2280,2962,0.7452618
113,/Volumes/SmithL0/2026/BIOL470/Final/0415/bee_0415_exp_05/bee_0415_exp_05_opto_2026-04-16_01-02-28_arena_circle_1.mp4,1937.0,2681.5,1594,2429,2280,2934,0.7632088
114,/Volumes/SmithL0/2026/BIOL470/Final/0415/bee_0415_exp_05/bee_0415_exp_05_opto_2026-04-16_01-02-28_arena_circle_1.mp4,1928.5,2688.5,1602,2420,2255,2957,0.76607955
115,/Volumes/SmithL0/2026/BIOL470/Final/0415/bee_0415_exp_05/bee_0415_exp_05_opto_2026-04-16_01-02-28_arena_circle_1.mp4,1937.5,2696.5,1600,2422,2275,2971,0.7673283
116,/Volumes/SmithL0/2026/BIOL470/Final/0415/bee_0415_exp_05/bee_0415_exp_05_opto_2026-04-16_01-02-28_arena_circle_1.mp4,1947.0,2698.0,1616,2424,2278,2972,0.7587847
117,/Volumes/SmithL0/2026/BIOL470/Final/0415/bee_0415_exp_05/bee_0415_exp_05_opto_2026-04-16_01-02-28_arena_circle_1.mp4,1933.5,2694.5,1613,2416,2254,2973,0.7432066
118,/Volumes/SmithL0/2026/BIOL470/Final/0415/bee_0415_exp_05/bee_0415_exp_05_opto_2026-04-16_01-02-28_arena_circle_1.mp4,1955.0,2704.0,1628,2435,2282,2973,0.759701
119,/Volumes/SmithL0/2026/BIOL470/Final/0415/bee_0415_exp_05/bee_0415_exp_05_opto_2026-04-16_01-02-28_arena_circle_1.mp4,1935.0,2695.0,1594,2437,2276,2953,0.7646951
120,/Volumes/SmithL0/2026/BIOL470/Final/0415/bee_0415_exp_05/bee_0415_exp_05_opto_2026-04-16_01-02-28_arena_circle_1.mp4,1874.5,2676.5,1521,2438,2228,2915,0.7530957
121,/Volumes/SmithL0/2026/BIOL470/Final/0415/bee_0415_exp_05/bee_0415_exp_05_opto_2026-04-16_01-02-28_arena_circle_1.mp4,1875.5,2642.0,1504,2400,2247,2884,0.7579457
122,/Volumes/SmithL0/2026/BIOL470/Final/0415/bee_0415_exp_05/bee_0415_exp_05_opto_2026-04-16_01-02-28_arena_circle_1.mp4,1849.0,2599.5,1499,2332,2199,2867,0.7610584
123,/Volumes/SmithL0/2026/BIOL470/Final/0415/bee_0415_exp_05/bee_0415_exp_05_opto_2026-04-16_01-02-28_arena_circle_1.mp4,1782.0,2576.0,1413,2342,2151,2810,0.7489938
124,/Volumes/SmithL0/2026/BIOL470/Final/0415/bee_0415_exp_05/bee_0415_exp_05_opto_2026-04-16_01-02-28_arena_circle_1.mp4,1724.5,2552.0,1350,2322,2099,2782,0.7435445
125,/Volumes/SmithL0/2026/BIOL470/Final/0415/bee_0415_exp_05/bee_0415_exp_05_opto_2026-04-16_01-02-28_arena_circle_1.mp4,1720.0,2491.5,1369,2234,2071,2749,0.7590813
126,/Volumes/SmithL0/2026/BIOL470/Final/0415/bee_0415_exp_05/bee_0415_exp_05_opto_2026-04-16_01-02-28_arena_circle_1.mp4,1685.5,2465.5,1302,2206,2069,2725,0.7627174
127,/Volumes/SmithL0/2026/BIOL470/Final/0415/bee_0415_exp_05/bee_0415_exp_05_opto_2026-04-16_01-02-28_arena_circle_1.mp4,1601.5,2391.5,1241,2126,1962,2657,0.75664645
128,/Volumes/SmithL0/2026/BIOL470/Final/0415/bee_0415_exp_05/bee_0415_exp_05_opto_2026-04-16_01-02-28_arena_circle_1.mp4,1632.0,2400.0,1270,2131,1994,2669,0.7383861
129,/Volumes/SmithL0/2026/BIOL470/Final/0415/bee_0415_exp_05/bee_0415_exp_05_opto_2026-04-16_01-02-28_arena_circle_1.mp4,1592.0,2402.5,1233,2149,1951,2656,0.7844896
130,/Volumes/SmithL0/2026/BIOL470/Final/0415/bee_0415_exp_05/bee_0415_exp_05_opto_2026-04-16_01-02-28_arena_circle_1.mp4,1541.5,2383.5,1187,2135,1896,2632,0.76803195
131,/Volumes/SmithL0/2026/BIOL470/Final/0415/bee_0415_exp_05/bee_0415_exp_05_opto_2026-04-16_01-02-28_arena_circle_1.mp4,1537.0,2371.5,1190,2130,1884,2613,0.75579655
132,/Volumes/SmithL0/2026/BIOL470/Final/0415/bee_0415_exp_05/bee_0415_exp_05_opto_2026-04-16_01-02-28_arena_circle_1.mp4,1542.0,2368.5,1193,2119,1891,2618,0.7710979
133,/Volumes/SmithL0/2026/BIOL470/Final/0415/bee_0415_exp_05/bee_0415_exp_05_opto_2026-04-16_01-02-28_arena_circle_1.mp4,1539.5,2371.0,1187,2103,1892,2639,0.78502476
134,/Volumes/SmithL0/2026/BIOL470/Final/0415/bee_0415_exp_05/bee_0415_exp_05_opto_2026-04-16_01-02-28_arena_circle_1.mp4,1538.0,2406.5,1192,2149,1884,2664,0.7716663
135,/Volumes/SmithL0/2026/BIOL470/Final/0415/bee_0415_exp_05/bee_0415_exp_05_opto_2026-04-16_01-02-28_arena_circle_1.mp4,1537.5,2408.5,1199,2142,1876,2675,0.75781643
136,/Volumes/SmithL0/2026/BIOL470/Final/0415/bee_0415_exp_05/bee_0415_exp_05_opto_2026-04-16_01-02-28_arena_circle_1.mp4,1544.5,2426.5,1209,2154,1880,2699,0.7614457
137,/Volumes/SmithL0/2026/BIOL470/Final/0415/bee_0415_exp_05/bee_0415_exp_05_opto_2026-04-16_01-02-28_arena_circle_1.mp4,1547.5,2428.5,1209,2165,1886,2692,0.7560293
138,/Volumes/SmithL0/2026/BIOL470/Final/0415/bee_0415_exp_05/bee_0415_exp_05_opto_2026-04-16_01-02-28_arena_circle_1.mp4,1569.0,2438.0,1229,2184,1909,2692,0.7223332
139,/Volumes/SmithL0/2026/BIOL470/Final/0415/bee_0415_exp_05/bee_0415_exp_05_opto_2026-04-16_01-02-28_arena_circle_1.mp4,1565.5,2467.5,1232,2199,1899,2736,0.76602894
140,/Volumes/SmithL0/2026/BIOL470/Final/0415/bee_0415_exp_05/bee_0415_exp_05_opto_2026-04-16_01-02-28_arena_circle_1.mp4,1569.0,2474.0,1240,2200,1898,2748,0.76987004
141,/Volumes/SmithL0/2026/BIOL470/Final/0415/bee_0415_exp_05/bee_0415_exp_05_opto_2026-04-16_01-02-28_arena_circle_1.mp4,1592.0,2484.5,1274,2205,1910,2764,0.763663
142,/Volumes/SmithL0/2026/BIOL470/Final/0415/bee_0415_exp_05/bee_0415_exp_05_opto_2026-04-16_01-02-28_arena_circle_1.mp4,1583.5,2481.5,1286,2207,1881,2756,0.7676154
143,/Volumes/SmithL0/2026/BIOL470/Final/0415/bee_0415_exp_05/bee_0415_exp_05_opto_2026-04-16_01-02-28_arena_circle_1.mp4,1583.5,2496.0,1283,2204,1884,2788,0.77117115
144,/Volumes/SmithL0/2026/BIOL470/Final/0415/bee_0415_exp_05/bee_0415_exp_05_opto_2026-04-16_01-02-28_arena_circle_1.mp4,1577.0,2499.5,1254,2210,1900,2789,0.76332027
145,/Volumes/SmithL0/2026/BIOL470/Final/0415/bee_0415_exp_05/bee_0415_exp_05_opto_2026-04-16_01-02-28_arena_circle_1.mp4,1592.0,2473.0,1261,2204,1923,2742,0.76320463
146,/Volumes/SmithL0/2026/BIOL470/Final/0415/bee_0415_exp_05/bee_0415_exp_05_opto_2026-04-16_01-02-28_arena_circle_1.mp4,1587.5,2485.5,1297,2184,1878,2787,0.76113176
147,/Volumes/SmithL0/2026/BIOL470/Final/0415/bee_0415_exp_05/bee_0415_exp_05_opto_2026-04-16_01-02-28_arena_circle_1.mp4,1614.5,2475.0,1293,2156,1936,2794,0.752839
148,/Volumes/SmithL0/2026/BIOL470/Final/0415/bee_0415_exp_05/bee_0415_exp_05_opto_2026-04-16_01-02-28_arena_circle_1.mp4,1605.5,2495.0,1303,2190,1908,2800,0.7534931
149,/Volumes/SmithL0/2026/BIOL470/Final/0415/bee_0415_exp_05/bee_0415_exp_05_opto_2026-04-16_01-02-28_arena_circle_1.mp4,1573.5,2490.0,1297,2183,1850,2797,0.75919735
150,/Volumes/SmithL0/2026/BIOL470/Final/0415/bee_0415_exp_05/bee_0415_exp_05_opto_2026-04-16_01-02-28_arena_circle_1.mp4,1569.0,2494.5,1272,2190,1866,2799,0.76043
151,/Volumes/SmithL0/2026/BIOL470/Final/0415/bee_0415_exp_05/bee_0415_exp_05_opto_2026-04-16_01-02-28_arena_circle_1.mp4,1589.5,2474.5,1290,2151,1889,2798,0.75417453
152,/Volumes/SmithL0/2026/BIOL470/Final/0415/bee_0415_exp_05/bee_0415_exp_05_opto_2026-04-16_01-02-28_arena_circle_1.mp4,1644.5,2506.5,1338,2217,1951,2796,0.74079424
153,/Volumes/SmithL0/2026/BIOL470/Final/0415/bee_0415_exp_05/bee_0415_exp_05_opto_2026-04-16_01-02-28_arena_circle_1.mp4,1698.0,2550.5,1382,2230,2014,2871,0.72510314
154,/Volumes/SmithL0/2026/BIOL470/Final/0415/bee_0415_exp_05/bee_0415_exp_05_opto_2026-04-16_01-02-28_arena_circle_1.mp4,1714.5,2553.5,1403,2238,2026,2869,0.7368406
155,/Volumes/SmithL0/2026/BIOL470/Final/0415/bee_0415_exp_05/bee_0415_exp_05_opto_2026-04-16_01-02-28_arena_circle_1.mp4,1705.5,2575.0,1414,2257,1997,2893,0.7611174
156,/Volumes/SmithL0/2026/BIOL470/Final/0415/bee_0415_exp_05/bee_0415_exp_05_opto_2026-04-16_01-02-28_arena_circle_1.mp4,1741.0,2623.0,1436,2315,2046,2931,0.7380891
157,/Volumes/SmithL0/2026/BIOL470/Final/0415/bee_0415_exp_05/bee_0415_exp_05_opto_2026-04-16_01-02-28_arena_circle_1.mp4,1802.5,2652.5,1532,2356,2073,2949,0.7611827
158,/Volumes/SmithL0/2026/BIOL470/Final/0415/bee_0415_exp_05/bee_0415_exp_05_opto_2026-04-16_01-02-28_arena_circle_1.mp4,1803.0,2654.5,1531,2359,2075,2950,0.7682684
159,/Volumes/SmithL0/2026/BIOL470/Final/0415/bee_0415_exp_05/bee_0415_exp_05_opto_2026-04-16_01-02-28_arena_circle_1.mp4,1803.0,2655.5,1498,2363,2108,2948,0.7598545
160,/Volumes/SmithL0/2026/BIOL470/Final/0415/bee_0415_exp_05/bee_0415_exp_05_opto_2026-04-16_01-02-28_arena_circle_1.mp4,1816.5,2661.5,1498,2367,2135,2956,0.755335
161,/Volumes/SmithL0/2026/BIOL470/Final/0415/bee_0415_exp_05/bee_0415_exp_05_opto_2026-04-16_01-02-28_arena_circle_1.mp4,1759.0,2710.5,1459,2396,2059,3025,0.70699936
162,/Volumes/SmithL0/2026/BIOL470/Final/0415/bee_0415_exp_05/bee_0415_exp_05_opto_2026-04-16_01-02-28_arena_circle_1.mp4,1782.5,2713.5,1510,2414,2055,3013,0.6990595
163,/Volumes/SmithL0/2026/BIOL470/Final/0415/bee_0415_exp_05/bee_0415_exp_05_opto_2026-04-16_01-02-28_arena_circle_1.mp4,1674.5,2734.0,1261,2429,2088,3039,0.52746296
164,/Volumes/SmithL0/2026/BIOL470/Final/0415/bee_0415_exp_05/bee_0415_exp_05_opto_2026-04-16_01-02-28_arena_circle_1.mp4,1791.0,2713.0,1507,2420,2075,3006,0.69048184
165,/Volumes/SmithL0/2026/BIOL470/Final/0415/bee_0415_exp_05/bee_0415_exp_05_opto_2026-04-16_01-02-28_arena_circle_1.mp4,1685.0,2739.0,1259,2438,2111,3040,0.51825297
166,/Volumes/SmithL0/2026/BIOL470/Final/0415/bee_0415_exp_05/bee_0415_exp_05_opto_2026-04-16_01-02-28_arena_circle_1.mp4,1836.5,2696.5,1556,2413,2117,2980,0.71797675
167,/Volumes/SmithL0/2026/BIOL470/Final/0415/bee_0415_exp_05/bee_0415_exp_05_opto_2026-04-16_01-02-28_arena_circle_1.mp4,1720.0,2732.0,1308,2430,2132,3034,0.507213
168,/Volumes/SmithL0/2026/BIOL470/Final/0415/bee_0415_exp_05/bee_0415_exp_05_opto_2026-04-16_01-02-28_arena_circle_1.mp4,1879.5,2701.0,1605,2419,2154,2983,0.767865
169,/Volumes/SmithL0/2026/BIOL470/Final/0415/bee_0415_exp_05/bee_0415_exp_05_opto_2026-04-16_01-02-28_arena_circle_1.mp4,1924.5,2729.0,1641,2443,2208,3015,0.71401453
170,/Volumes/SmithL0/2026/BIOL470/Final/0415/bee_0415_exp_05/bee_0415_exp_05_opto_2026-04-16_01-02-28_arena_circle_1.mp4,1902.0,2727.0,1603,2441,2201,3013,0.70870745
171,/Volumes/SmithL0/2026/BIOL470/Final/0415/bee_0415_exp_05/bee_0415_exp_05_opto_2026-04-16_01-02-28_arena_circle_1.mp4,1909.0,2739.0,1626,2455,2192,3023,0.7144179
172,/Volumes/SmithL0/2026/BIOL470/Final/0415/bee_0415_exp_05/bee_0415_exp_05_opto_2026-04-16_01-02-28_arena_circle_1.mp4,1988.5,2745.5,1686,2462,2291,3029,0.74659747
173,/Volumes/SmithL0/2026/BIOL470/Final/0415/bee_0415_exp_05/bee_0415_exp_05_opto_2026-04-16_01-02-28_arena_circle_1.mp4,2012.0,2762.0,1712,2498,2312,3026,0.7375476
174,/Volumes/SmithL0/2026/BIOL470/Final/0415/bee_0415_exp_05/bee_0415_exp_05_opto_2026-04-16_01-02-28_arena_circle_1.mp4,2046.5,2777.5,1737,2515,2356,3040,0.7345276
175,/Volumes/SmithL0/2026/BIOL470/Final/0415/bee_0415_exp_05/bee_0415_exp_05_opto_2026-04-16_01-02-28_arena_circle_1.mp4,2091.0,2770.0,1785,2510,2397,3030,0.7465955
176,/Volumes/SmithL0/2026/BIOL470/Final/0415/bee_0415_exp_05/bee_0415_exp_05_opto_2026-04-16_01-02-28_arena_circle_1.mp4,2131.0,2778.5,1804,2518,2458,3039,0.73106927
177,/Volumes/SmithL0/2026/BIOL470/Final/0415/bee_0415_exp_05/bee_0415_exp_05_opto_2026-04-16_01-02-28_arena_circle_1.mp4,2137.0,2774.0,1826,2511,2448,3037,0.7356256
178,/Volumes/SmithL0/2026/BIOL470/Final/0415/bee_0415_exp_05/bee_0415_exp_05_opto_2026-04-16_01-02-28_arena_circle_1.mp4,2161.5,2774.5,1865,2513,2458,3036,0.7246567
179,/Volumes/SmithL0/2026/BIOL470/Final/0415/bee_0415_exp_05/bee_0415_exp_05_opto_2026-04-16_01-02-28_arena_circle_1.mp4,2155.0,2728.5,1813,2462,2497,2995,0.7451278
180,/Volumes/SmithL0/2026/BIOL470/Final/0415/bee_0415_exp_05/bee_0415_exp_05_opto_2026-04-16_01-02-28_arena_circle_1.mp4,2139.5,2767.5,1786,2537,2493,2998,0.74043316
181,/Volumes/SmithL0/2026/BIOL470/Final/0415/bee_0415_exp_05/bee_0415_exp_05_opto_2026-04-16_01-02-28_arena_circle_1.mp4,2092.5,2780.5,1699,2544,2486,3017,0.77533036
182,/Volumes/SmithL0/2026/BIOL470/Final/0415/bee_0415_exp_05/bee_0415_exp_05_opto_2026-04-16_01-02-28_arena_circle_1.mp4,2018.0,2757.0,1643,2521,2393,2993,0.7696471
183,/Volumes/SmithL0/2026/BIOL470/Final/0415/bee_0415_exp_05/bee_0415_exp_05_opto_2026-04-16_01-02-28_arena_circle_1.mp4,1946.0,2724.5,1592,2481,2300,2968,0.7570099
184,/Volumes/SmithL0/2026/BIOL470/Final/0415/bee_0415_exp_05/bee_0415_exp_05_opto_2026-04-16_01-02-28_arena_circle_1.mp4,1930.5,2661.0,1567,2424,2294,2898,0.7414218
185,/Volumes/SmithL0/2026/BIOL470/Final/0415/bee_0415_exp_05/bee_0415_exp_05_opto_2026-04-16_01-02-28_arena_circle_1.mp4,1856.5,2649.0,1508,2409,2205,2889,0.7314518
186,/Volumes/SmithL0/2026/BIOL470/Final/0415/bee_0415_exp_05/bee_0415_exp_05_opto_2026-04-16_01-02-28_arena_circle_1.mp4,1832.5,2603.0,1492,2338,2173,2868,0.7527613
187,/Volumes/SmithL0/2026/BIOL470/Final/0415/bee_0415_exp_05/bee_0415_exp_05_opto_2026-04-16_01-02-28_arena_circle_1.mp4,1755.5,2565.0,1417,2308,2094,2822,0.7536938
188,/Volumes/SmithL0/2026/BIOL470/Final/0415/bee_0415_exp_05/bee_0415_exp_05_opto_2026-04-16_01-02-28_arena_circle_1.mp4,1760.0,2536.0,1412,2282,2108,2790,0.73519903
189,/Volumes/SmithL0/2026/BIOL470/Final/0415/bee_0415_exp_05/bee_0415_exp_05_opto_2026-04-16_01-02-28_arena_circle_1.mp4,1723.0,2509.0,1379,2245,2067,2773,0.75060016
190,/Volumes/SmithL0/2026/BIOL470/Final/0415/bee_0415_exp_05/bee_0415_exp_05_opto_2026-04-16_01-02-28_arena_circle_1.mp4,1685.5,2500.5,1335,2255,2036,2746,0.7657731
191,/Volumes/SmithL0/2026/BIOL470/Final/0415/bee_0415_exp_05/bee_0415_exp_05_opto_2026-04-16_01-02-28_arena_circle_1.mp4,1740.5,2458.0,1377,2193,2104,2723,0.7463712
192,/Volumes/SmithL0/2026/BIOL470/Final/0415/bee_0415_exp_05/bee_0415_exp_05_opto_2026-04-16_01-02-28_arena_circle_1.mp4,1754.0,2422.5,1399,2165,2109,2680,0.7399086
193,/Volumes/SmithL0/2026/BIOL470/Final/0415/bee_0415_exp_05/bee_0415_exp_05_opto_2026-04-16_01-02-28_arena_circle_1.mp4,1709.5,2425.5,1339,2179,2080,2672,0.7436728
194,/Volumes/SmithL0/2026/BIOL470/Final/0415/bee_0415_exp_05/bee_0415_exp_05_opto_2026-04-16_01-02-28_arena_circle_1.mp4,1642.5,2413.0,1295,2145,1990,2681,0.7724411
195,/Volumes/SmithL0/2026/BIOL470/Final/0415/bee_0415_exp_05/bee_0415_exp_05_opto_2026-04-16_01-02-28_arena_circle_1.mp4,1550.5,2383.0,1197,2108,1904,2658,0.7637966
196,/Volumes/SmithL0/2026/BIOL470/Final/0415/bee_0415_exp_05/bee_0415_exp_05_opto_2026-04-16_01-02-28_arena_circle_1.mp4,1501.5,2332.5,1145,2091,1858,2574,0.74992967
197,/Volumes/SmithL0/2026/BIOL470/Final/0415/bee_0415_exp_05/bee_0415_exp_05_opto_2026-04-16_01-02-28_arena_circle_1.mp4,1471.0,2259.0,1119,1976,1823,2542,0.7323834
198,/Volumes/SmithL0/2026/BIOL470/Final/0415/bee_0415_exp_05/bee_0415_exp_05_opto_2026-04-16_01-02-28_arena_circle_1.mp4,1443.5,2203.0,1100,1922,1787,2484,0.75876665
199,/Volumes/SmithL0/2026/BIOL470/Final/0415/bee_0415_exp_05/bee_0415_exp_05_opto_2026-04-16_01-02-28_arena_circle_1.mp4,1424.5,2081.5,1093,1775,1756,2388,0.75232077
200,/Volumes/SmithL0/2026/BIOL470/Final/0415/bee_0415_exp_05/bee_0415_exp_05_opto_2026-04-16_01-02-28_arena_circle_1.mp4,1360.5,2049.5,1035,1759,1686,2340,0.7634116
201,/Volumes/SmithL0/2026/BIOL470/Final/0415/bee_0415_exp_05/bee_0415_exp_05_opto_2026-04-16_01-02-28_arena_circle_1.mp4,1334.0,1962.0,999,1672,1669,2252,0.78603494
202,/Volumes/SmithL0/2026/BIOL470/Final/0415/bee_0415_exp_05/bee_0415_exp_05_opto_2026-04-16_01-02-28_arena_circle_1.mp4,1272.0,1861.5,941,1547,1603,2176,0.7544395
203,/Volumes/SmithL0/2026/BIOL470/Final/0415/bee_0415_exp_05/bee_0415_exp_05_opto_2026-04-16_01-02-28_arena_circle_1.mp4,1287.0,1723.0,943,1404,1631,2042,0.7402147
204,/Volumes/SmithL0/2026/BIOL470/Final/0415/bee_0415_exp_05/bee_0415_exp_05_opto_2026-04-16_01-02-28_arena_circle_1.mp4,1266.0,1644.0,941,1338,1591,1950,0.75697047
205,/Volumes/SmithL0/2026/BIOL470/Final/0415/bee_0415_exp_05/bee_0415_exp_05_opto_2026-04-16_01-02-28_arena_circle_1.mp4,1300.5,1492.5,1000,1157,1601,1828,0.7377859
206,/Volumes/SmithL0/2026/BIOL470/Final/0415/bee_0415_exp_05/bee_0415_exp_05_opto_2026-04-16_01-02-28_arena_circle_1.mp4,1311.5,1369.0,999,1028,1624,1710,0.74266773
207,/Volumes/SmithL0/2026/BIOL470/Final/0415/bee_0415_exp_05/bee_0415_exp_05_opto_2026-04-16_01-02-28_arena_circle_1.mp4,1384.0,1271.0,1089,929,1679,1613,0.74039245
208,/Volumes/SmithL0/2026/BIOL470/Final/0415/bee_0415_exp_05/bee_0415_exp_05_opto_2026-04-16_01-02-28_arena_circle_1.mp4,1360.5,1145.5,1025,789,1696,1502,0.75478876
209,/Volumes/SmithL0/2026/BIOL470/Final/0415/bee_0415_exp_05/bee_0415_exp_05_opto_2026-04-16_01-02-28_arena_circle_1.mp4,1407.0,1115.5,1028,744,1786,1487,0.7453736
210,/Volumes/SmithL0/2026/BIOL470/Final/0415/bee_0415_exp_05/bee_0415_exp_05_opto_2026-04-16_01-02-28_arena_circle_1.mp4,1485.0,1108.0,1155,747,1815,1469,0.7113386
211,/Volumes/SmithL0/2026/BIOL470/Final/0415/bee_0415_exp_05/bee_0415_exp_05_opto_2026-04-16_01-02-28_arena_circle_1.mp4,1489.5,1099.5,1094,718,1885,1481,0.74764645
212,/Volumes/SmithL0/2026/BIOL470/Final/0415/bee_0415_exp_05/bee_0415_exp_05_opto_2026-04-16_01-02-28_arena_circle_1.mp4,1481.5,1070.0,1093,669,1870,1471,0.7591985
213,/Volumes/SmithL0/2026/BIOL470/Final/0415/bee_0415_exp_05/bee_0415_exp_05_opto_2026-04-16_01-02-28_arena_circle_1.mp4,1441.5,1031.5,1075,691,1808,1372,0.7262187
214,/Volumes/SmithL0/2026/BIOL470/Final/0415/bee_0415_exp_05/bee_0415_exp_05_opto_2026-04-16_01-02-28_arena_circle_1.mp4,1438.5,1053.5,1044,733,1833,1374,0.74951214
215,/Volumes/SmithL0/2026/BIOL470/Final/0415/bee_0415_exp_05/bee_0415_exp_05_opto_2026-04-16_01-02-28_arena_circle_1.mp4,1402.5,1044.5,1037,727,1768,1362,0.7764864
216,/Volumes/SmithL0/2026/BIOL470/Final/0415/bee_0415_exp_05/bee_0415_exp_05_opto_2026-04-16_01-02-28_arena_circle_1.mp4,1406.0,1096.0,1022,815,1790,1377,0.77202713
217,/Volumes/SmithL0/2026/BIOL470/Final/0415/bee_0415_exp_05/bee_0415_exp_05_opto_2026-04-16_01-02-28_arena_circle_1.mp4,1396.5,1098.5,1006,802,1787,1395,0.7641068
218,/Volumes/SmithL0/2026/BIOL470/Final/0415/bee_0415_exp_05/bee_0415_exp_05_opto_2026-04-16_01-02-28_arena_circle_1.mp4,1394.5,1142.0,1009,836,1780,1448,0.7746485
219,/Volumes/SmithL0/2026/BIOL470/Final/0415/bee_0415_exp_05/bee_0415_exp_05_opto_2026-04-16_01-02-28_arena_circle_1.mp4,1389.5,1173.0,1000,895,1779,1451,0.77066916
220,/Volumes/SmithL0/2026/BIOL470/Final/0415/bee_0415_exp_05/bee_0415_exp_05_opto_2026-04-16_01-02-28_arena_circle_1.mp4,1387.5,1196.0,997,890,1778,1502,0.7719506
221,/Volumes/SmithL0/2026/BIOL470/Final/0415/bee_0415_exp_05/bee_0415_exp_05_opto_2026-04-16_01-02-28_arena_circle_1.mp4,1386.0,1195.0,993,903,1779,1487,0.7684624
222,/Volumes/SmithL0/2026/BIOL470/Final/0415/bee_0415_exp_05/bee_0415_exp_05_opto_2026-04-16_01-02-28_arena_circle_1.mp4,1339.0,1301.0,980,1047,1698,1555,0.7641879
223,/Volumes/SmithL0/2026/BIOL470/Final/0415/bee_0415_exp_05/bee_0415_exp_05_opto_2026-04-16_01-02-28_arena_circle_1.mp4,1374.5,1378.0,999,1129,1750,1627,0.7677864
224,/Volumes/SmithL0/2026/BIOL470/Final/0415/bee_0415_exp_05/bee_0415_exp_05_opto_2026-04-16_01-02-28_arena_circle_1.mp4,1355.0,1370.0,976,1100,1734,1640,0.75277114
225,/Volumes/SmithL0/2026/BIOL470/Final/0415/bee_0415_exp_05/bee_0415_exp_05_opto_2026-04-16_01-02-28_arena_circle_1.mp4,1332.5,1334.5,949,1065,1716,1604,0.7537303
226,/Volumes/SmithL0/2026/BIOL470/Final/0415/bee_0415_exp_05/bee_0415_exp_05_opto_2026-04-16_01-02-28_arena_circle_1.mp4,1332.5,1388.0,949,1132,1716,1644,0.76077515
227,/Volumes/SmithL0/2026/BIOL470/Final/0415/bee_0415_exp_05/bee_0415_exp_05_opto_2026-04-16_01-02-28_arena_circle_1.mp4,1342.0,1452.5,943,1203,1741,1702,0.7517584
228,/Volumes/SmithL0/2026/BIOL470/Final/0415/bee_0415_exp_05/bee_0415_exp_05_opto_2026-04-16_01-02-28_arena_circle_1.mp4,1346.0,1393.0,956,1123,1736,1663,0.7338286
229,/Volumes/SmithL0/2026/BIOL470/Final/0415/bee_0415_exp_05/bee_0415_exp_05_opto_2026-04-16_01-02-28_arena_circle_1.mp4,1344.0,1398.0,956,1100,1732,1696,0.7485469
230,/Volumes/SmithL0/2026/BIOL470/Final/0415/bee_0415_exp_05/bee_0415_exp_05_opto_2026-04-16_01-02-28_arena_circle_1.mp4,1372.5,1423.0,957,1136,1788,1710,0.74126846
231,/Volumes/SmithL0/2026/BIOL470/Final/0415/bee_0415_exp_05/bee_0415_exp_05_opto_2026-04-16_01-02-28_arena_circle_1.mp4,1330.0,1366.5,953,1039,1707,1694,0.7523097
232,/Volumes/SmithL0/2026/BIOL470/Final/0415/bee_0415_exp_05/bee_0415_exp_05_opto_2026-04-16_01-02-28_arena_circle_1.mp4,1327.0,1351.5,953,1015,1701,1688,0.754771
233,/Volumes/SmithL0/2026/BIOL470/Final/0415/bee_0415_exp_05/bee_0415_exp_05_opto_2026-04-16_01-02-28_arena_circle_1.mp4,1378.5,1382.0,969,999,1788,1765,0.7236242
234,/Volumes/SmithL0/2026/BIOL470/Final/0415/bee_0415_exp_05/bee_0415_exp_05_opto_2026-04-16_01-02-28_arena_circle_1.mp4,1383.0,1379.5,1039,1117,1727,1642,0.7597742
235,/Volumes/SmithL0/2026/BIOL470/Final/0415/bee_0415_exp_05/bee_0415_exp_05_opto_2026-04-16_01-02-28_arena_circle_1.mp4,1314.5,1345.5,939,1076,1690,1615,0.77349967
236,/Volumes/SmithL0/2026/BIOL470/Final/0415/bee_0415_exp_05/bee_0415_exp_05_opto_2026-04-16_01-02-28_arena_circle_1.mp4,1310.5,1383.5,924,1126,1697,1641,0.76677144
237,/Volumes/SmithL0/2026/BIOL470/Final/0415/bee_0415_exp_05/bee_0415_exp_05_opto_2026-04-16_01-02-28_arena_circle_1.mp4,1334.0,1400.5,952,1148,1716,1653,0.73679805
238,/Volumes/SmithL0/2026/BIOL470/Final/0415/bee_0415_exp_05/bee_0415_exp_05_opto_2026-04-16_01-02-28_arena_circle_1.mp4,1321.0,1424.0,956,1149,1686,1699,0.7529766
239,/Volumes/SmithL0/2026/BIOL470/Final/0415/bee_0415_exp_05/bee_0415_exp_05_opto_2026-04-16_01-02-28_arena_circle_1.mp4,1315.0,1437.0,948,1153,1682,1721,0.77461517
240,/Volumes/SmithL0/2026/BIOL470/Final/0415/bee_0415_exp_05/bee_0415_exp_05_opto_2026-04-16_01-02-28_arena_circle_1.mp4,1306.0,1436.5,948,1151,1664,1722,0.7650382
241,/Volumes/SmithL0/2026/BIOL470/Final/0415/bee_0415_exp_05/bee_0415_exp_05_opto_2026-04-16_01-02-28_arena_circle_1.mp4,1288.0,1370.0,929,1102,1647,1638,0.7595995
242,/Volumes/SmithL0/2026/BIOL470/Final/0415/bee_0415_exp_05/bee_0415_exp_05_opto_2026-04-16_01-02-28_arena_circle_1.mp4,1275.5,1374.5,911,1108,1640,1641,0.7696085
243,/Volumes/SmithL0/2026/BIOL470/Final/0415/bee_0415_exp_05/bee_0415_exp_05_opto_2026-04-16_01-02-28_arena_circle_1.mp4,1295.0,1377.5,913,1110,1677,1645,0.78087604
244,/Volumes/SmithL0/2026/BIOL470/Final/0415/bee_0415_exp_05/bee_0415_exp_05_opto_2026-04-16_01-02-28_arena_circle_1.mp4,1296.0,1396.0,914,1120,1678,1672,0.76974326
245,/Volumes/SmithL0/2026/BIOL470/Final/0415/bee_0415_exp_05/bee_0415_exp_05_opto_2026-04-16_01-02-28_arena_circle_1.mp4,1270.5,1377.5,902,1107,1639,1648,0.76071596
246,/Volumes/SmithL0/2026/BIOL470/Final/0415/bee_0415_exp_05/bee_0415_exp_05_opto_2026-04-16_01-02-28_arena_circle_1.mp4,1284.5,1361.0,910,1085,1659,1637,0.7731537
247,/Volumes/SmithL0/2026/BIOL470/Final/0415/bee_0415_exp_05/bee_0415_exp_05_opto_2026-04-16_01-02-28_arena_circle_1.mp4,1296.5,1335.5,929,1065,1664,1606,0.7555325
248,/Volumes/SmithL0/2026/BIOL470/Final/0415/bee_0415_exp_05/bee_0415_exp_05_opto_2026-04-16_01-02-28_arena_circle_1.mp4,1306.0,1323.5,939,1017,1673,1630,0.7633044
249,/Volumes/SmithL0/2026/BIOL470/Final/0415/bee_0415_exp_05/bee_0415_exp_05_opto_2026-04-16_01-02-28_arena_circle_1.mp4,1303.5,1291.5,945,978,1662,1605,0.7484422
250,/Volumes/SmithL0/2026/BIOL470/Final/0415/bee_0415_exp_05/bee_0415_exp_05_opto_2026-04-16_01-02-28_arena_circle_1.mp4,1302.0,1258.5,987,914,1617,1603,0.7471155
251,/Volumes/SmithL0/2026/BIOL470/Final/0415/bee_0415_exp_05/bee_0415_exp_05_opto_2026-04-16_01-02-28_arena_circle_1.mp4,1316.0,1202.5,1017,840,1615,1565,0.74829173
252,/Volumes/SmithL0/2026/BIOL470/Final/0415/bee_0415_exp_05/bee_0415_exp_05_opto_2026-04-16_01-02-28_arena_circle_1.mp4,1345.0,1172.0,1004,834,1686,1510,0.75002337
253,/Volumes/SmithL0/2026/BIOL470/Final/0415/bee_0415_exp_05/bee_0415_exp_05_opto_2026-04-16_01-02-28_arena_circle_1.mp4,1364.0,1189.0,993,855,1735,1523,0.76804674
254,/Volumes/SmithL0/2026/BIOL470/Final/0415/bee_0415_exp_05/bee_0415_exp_05_opto_2026-04-16_01-02-28_arena_circle_1.mp4,1379.0,1190.0,995,879,1763,1501,0.7793862
255,/Volumes/SmithL0/2026/BIOL470/Final/0415/bee_0415_exp_05/bee_0415_exp_05_opto_2026-04-16_01-02-28_arena_circle_1.mp4,1406.5,1203.5,1030,878,1783,1529,0.7918337
256,/Volumes/SmithL0/2026/BIOL470/Final/0415/bee_0415_exp_05/bee_0415_exp_05_opto_2026-04-16_01-02-28_arena_circle_1.mp4,1400.5,1155.0,1012,888,1789,1422,0.7693494
257,/Volumes/SmithL0/2026/BIOL470/Final/0415/bee_0415_exp_05/bee_0415_exp_05_opto_2026-04-16_01-02-28_arena_circle_1.mp4,1403.0,1194.0,982,944,1824,1444,0.74230397
258,/Volumes/SmithL0/2026/BIOL470/Final/0415/bee_0415_exp_05/bee_0415_exp_05_opto_2026-04-16_01-02-28_arena_circle_1.mp4,1399.0,1216.5,980,986,1818,1447,0.758507
259,/Volumes/SmithL0/2026/BIOL470/Final/0415/bee_0415_exp_05/bee_0415_exp_05_opto_2026-04-16_01-02-28_arena_circle_1.mp4,1372.5,1266.0,944,1031,1801,1501,0.73141503
260,/Volumes/SmithL0/2026/BIOL470/Final/0415/bee_0415_exp_05/bee_0415_exp_05_opto_2026-04-16_01-02-28_arena_circle_1.mp4,1355.5,1300.0,920,1038,1791,1562,0.75026584
261,/Volumes/SmithL0/2026/BIOL470/Final/0415/bee_0415_exp_05/bee_0415_exp_05_opto_2026-04-16_01-02-28_arena_circle_1.mp4,1295.0,1358.0,892,1093,1698,1623,0.7553964
262,/Volumes/SmithL0/2026/BIOL470/Final/0415/bee_0415_exp_05/bee_0415_exp_05_opto_2026-04-16_01-02-28_arena_circle_1.mp4,1286.5,1363.0,869,1051,1704,1675,0.7605895
263,/Volumes/SmithL0/2026/BIOL470/Final/0415/bee_0415_exp_05/bee_0415_exp_05_opto_2026-04-16_01-02-28_arena_circle_1.mp4,1290.5,1323.5,884,1054,1697,1593,0.7855906
264,/Volumes/SmithL0/2026/BIOL470/Final/0415/bee_0415_exp_05/bee_0415_exp_05_opto_2026-04-16_01-02-28_arena_circle_1.mp4,1277.5,1300.0,876,1016,1679,1584,0.765086
265,/Volumes/SmithL0/2026/BIOL470/Final/0415/bee_0415_exp_05/bee_0415_exp_05_opto_2026-04-16_01-02-28_arena_circle_1.mp4,1266.5,1297.5,887,1012,1646,1583,0.74259585
266,/Volumes/SmithL0/2026/BIOL470/Final/0415/bee_0415_exp_05/bee_0415_exp_05_opto_2026-04-16_01-02-28_arena_circle_1.mp4,1227.0,1358.5,829,1073,1625,1644,0.76708156
267,/Volumes/SmithL0/2026/BIOL470/Final/0415/bee_0415_exp_05/bee_0415_exp_05_opto_2026-04-16_01-02-28_arena_circle_1.mp4,1235.5,1343.5,864,1040,1607,1647,0.7634054
268,/Volumes/SmithL0/2026/BIOL470/Final/0415/bee_0415_exp_05/bee_0415_exp_05_opto_2026-04-16_01-02-28_arena_circle_1.mp4,1219.5,1373.0,843,1035,1596,1711,0.760626
269,/Volumes/SmithL0/2026/BIOL470/Final/0415/bee_0415_exp_05/bee_0415_exp_05_opto_2026-04-16_01-02-28_arena_circle_1.mp4,1221.0,1392.0,857,1073,1585,1711,0.7645227
270,/Volumes/SmithL0/2026/BIOL470/Final/0415/bee_0415_exp_05/bee_0415_exp_05_opto_2026-04-16_01-02-28_arena_circle_1.mp4,1229.5,1395.0,870,1059,1589,1731,0.75718695
271,/Volumes/SmithL0/2026/BIOL470/Final/0415/bee_0415_exp_05/bee_0415_exp_05_opto_2026-04-16_01-02-28_arena_circle_1.mp4,1224.0,1373.5,843,1047,1605,1700,0.7637427
272,/Volumes/SmithL0/2026/BIOL470/Final/0415/bee_0415_exp_05/bee_0415_exp_05_opto_2026-04-16_01-02-28_arena_circle_1.mp4,1259.0,1385.0,875,1092,1643,1678,0.76909554
273,/Volumes/SmithL0/2026/BIOL470/Final/0415/bee_0415_exp_05/bee_0415_exp_05_opto_2026-04-16_01-02-28_arena_circle_1.mp4,1283.5,1391.5,886,1097,1681,1686,0.7691457
274,/Volumes/SmithL0/2026/BIOL470/Final/0415/bee_0415_exp_05/bee_0415_exp_05_opto_2026-04-16_01-02-28_arena_circle_1.mp4,1289.0,1378.0,887,1103,1691,1653,0.7631519
275,/Volumes/SmithL0/2026/BIOL470/Final/0415/bee_0415_exp_05/bee_0415_exp_05_opto_2026-04-16_01-02-28_arena_circle_1.mp4,1297.5,1364.5,881,1068,1714,1661,0.7373773
276,/Volumes/SmithL0/2026/BIOL470/Final/0415/bee_0415_exp_05/bee_0415_exp_05_opto_2026-04-16_01-02-28_arena_circle_1.mp4,1289.5,1374.5,891,1095,1688,1654,0.77006966
277,/Volumes/SmithL0/2026/BIOL470/Final/0415/bee_0415_exp_05/bee_0415_exp_05_opto_2026-04-16_01-02-28_arena_circle_1.mp4,1293.0,1358.5,898,1072,1688,1645,0.77409446
278,/Volumes/SmithL0/2026/BIOL470/Final/0415/bee_0415_exp_05/bee_0415_exp_05_opto_2026-04-16_01-02-28_arena_circle_1.mp4,1296.0,1359.5,895,1084,1697,1635,0.76670057
279,/Volumes/SmithL0/2026/BIOL470/Final/0415/bee_0415_exp_05/bee_0415_exp_05_opto_2026-04-16_01-02-28_arena_circle_1.mp4,1300.0,1365.0,889,1085,1711,1645,0.7405643
280,/Volumes/SmithL0/2026/BIOL470/Final/0415/bee_0415_exp_05/bee_0415_exp_05_opto_2026-04-16_01-02-28_arena_circle_1.mp4,1295.5,1356.5,894,1075,1697,1638,0.75978714
281,/Volumes/SmithL0/2026/BIOL470/Final/0415/bee_0415_exp_05/bee_0415_exp_05_opto_2026-04-16_01-02-28_arena_circle_1.mp4,1289.5,1355.5,889,1065,1690,1646,0.7673299
282,/Volumes/SmithL0/2026/BIOL470/Final/0415/bee_0415_exp_05/bee_0415_exp_05_opto_2026-04-16_01-02-28_arena_circle_1.mp4,1279.0,1334.5,875,1027,1683,1642,0.76103157
283,/Volumes/SmithL0/2026/BIOL470/Final/0415/bee_0415_exp_05/bee_0415_exp_05_opto_2026-04-16_01-02-28_arena_circle_1.mp4,1283.0,1341.5,892,1041,1674,1642,0.77336645
284,/Volumes/SmithL0/2026/BIOL470/Final/0415/bee_0415_exp_05/bee_0415_exp_05_opto_2026-04-16_01-02-28_arena_circle_1.mp4,1254.0,1364.5,887,1043,1621,1686,0.77008086
285,/Volumes/SmithL0/2026/BIOL470/Final/0415/bee_0415_exp_05/bee_0415_exp_05_opto_2026-04-16_01-02-28_arena_circle_1.mp4,1262.0,1401.5,925,1042,1599,1761,0.7316009
286,/Volumes/SmithL0/2026/BIOL470/Final/0415/bee_0415_exp_05/bee_0415_exp_05_opto_2026-04-16_01-02-28_arena_circle_1.mp4,1312.5,1406.0,987,1031,1638,1781,0.70852923
287,/Volumes/SmithL0/2026/BIOL470/Final/0415/bee_0415_exp_05/bee_0415_exp_05_opto_2026-04-16_01-02-28_arena_circle_1.mp4,1327.0,1426.0,1012,1071,1642,1781,0.7031158
288,/Volumes/SmithL0/2026/BIOL470/Final/0415/bee_0415_exp_05/bee_0415_exp_05_opto_2026-04-16_01-02-28_arena_circle_1.mp4,1338.5,1429.5,1049,1074,1628,1785,0.69754815
289,/Volumes/SmithL0/2026/BIOL470/Final/0415/bee_0415_exp_05/bee_0415_exp_05_opto_2026-04-16_01-02-28_arena_circle_1.mp4,1333.5,1444.0,1039,1084,1628,1804,0.72990435
290,/Volumes/SmithL0/2026/BIOL470/Final/0415/bee_0415_exp_05/bee_0415_exp_05_opto_2026-04-16_01-02-28_arena_circle_1.mp4,1397.0,1480.0,1096,1118,1698,1842,0.70106924
291,/Volumes/SmithL0/2026/BIOL470/Final/0415/bee_0415_exp_05/bee_0415_exp_05_opto_2026-04-16_01-02-28_arena_circle_1.mp4,1440.0,1486.5,1158,1127,1722,1846,0.7381912
292,/Volumes/SmithL0/2026/BIOL470/Final/0415/bee_0415_exp_05/bee_0415_exp_05_opto_2026-04-16_01-02-28_arena_circle_1.mp4,1501.0,1458.5,1210,1106,1792,1811,0.7365538
293,/Volumes/SmithL0/2026/BIOL470/Final/0415/bee_0415_exp_05/bee_0415_exp_05_opto_2026-04-16_01-02-28_arena_circle_1.mp4,1534.0,1445.5,1245,1096,1823,1795,0.72398955
294,/Volumes/SmithL0/2026/BIOL470/Final/0415/bee_0415_exp_05/bee_0415_exp_05_opto_2026-04-16_01-02-28_arena_circle_1.mp4,1564.5,1451.0,1193,1118,1936,1784,0.79314303
295,/Volumes/SmithL0/2026/BIOL470/Final/0415/bee_0415_exp_05/bee_0415_exp_05_opto_2026-04-16_01-02-28_arena_circle_1.mp4,1545.0,1452.5,1189,1109,1901,1796,0.7602221
296,/Volumes/SmithL0/2026/BIOL470/Final/0415/bee_0415_exp_05/bee_0415_exp_05_opto_2026-04-16_01-02-28_arena_circle_1.mp4,1547.0,1469.5,1188,1141,1906,1798,0.7727105
297,/Volumes/SmithL0/2026/BIOL470/Final/0415/bee_0415_exp_05/bee_0415_exp_05_opto_2026-04-16_01-02-28_arena_circle_1.mp4,1550.0,1470.5,1192,1144,1908,1797,0.77855504
298,/Volumes/SmithL0/2026/BIOL470/Final/0415/bee_0415_exp_05/bee_0415_exp_05_opto_2026-04-16_01-02-28_arena_circle_1.mp4,1601.0,1466.5,1210,1152,1992,1781,0.7774424
299,/Volumes/SmithL0/2026/BIOL470/Final/0415/bee_0415_exp_05/bee_0415_exp_05_opto_2026-04-16_01-02-28_arena_circle_1.mp4,1697.0,1450.5,1360,1127,2034,1774,0.7593548
300,/Volumes/SmithL0/2026/BIOL470/Final/0415/bee_0415_exp_05/bee_0415_exp_05_opto_2026-04-16_01-02-28_arena_circle_1.mp4,1827.5,1421.0,1466,1090,2189,1752,0.74633086
301,/Volumes/SmithL0/2026/BIOL470/Final/0415/bee_0415_exp_05/bee_0415_exp_05_opto_2026-04-16_01-02-28_arena_circle_1.mp4,1850.0,1411.5,1480,1051,2220,1772,0.73680556
302,/Volumes/SmithL0/2026/BIOL470/Final/0415/bee_0415_exp_05/bee_0415_exp_05_opto_2026-04-16_01-02-28_arena_circle_1.mp4,1952.0,1345.0,1604,1043,2300,1647,0.7530205
303,/Volumes/SmithL0/2026/BIOL470/Final/0415/bee_0415_exp_05/bee_0415_exp_05_opto_2026-04-16_01-02-28_arena_circle_1.mp4,2091.5,1347.5,1708,1038,2475,1657,0.7596265
304,/Volumes/SmithL0/2026/BIOL470/Final/0415/bee_0415_exp_05/bee_0415_exp_05_opto_2026-04-16_01-02-28_arena_circle_1.mp4,2219.5,1341.0,1854,1005,2585,1677,0.7431903
305,/Volumes/SmithL0/2026/BIOL470/Final/0415/bee_0415_exp_05/bee_0415_exp_05_opto_2026-04-16_01-02-28_arena_circle_1.mp4,2320.0,1275.5,1945,990,2695,1561,0.76226693
306,/Volumes/SmithL0/2026/BIOL470/Final/0415/bee_0415_exp_05/bee_0415_exp_05_opto_2026-04-16_01-02-28_arena_circle_1.mp4,2410.5,1267.5,2042,939,2779,1596,0.77757543
307,/Volumes/SmithL0/2026/BIOL470/Final/0415/bee_0415_exp_05/bee_0415_exp_05_opto_2026-04-16_01-02-28_arena_circle_1.mp4,2570.5,1234.5,2220,950,2921,1519,0.7640847
308,/Volumes/SmithL0/2026/BIOL470/Final/0415/bee_0415_exp_05/bee_0415_exp_05_opto_2026-04-16_01-02-28_arena_circle_1.mp4,2683.5,1179.5,2328,820,3039,1539,0.78241557
309,/Volumes/SmithL0/2026/BIOL470/Final/0415/bee_0415_exp_05/bee_0415_exp_05_opto_2026-04-16_01-02-28_arena_circle_1.mp4,2787.5,1102.5,2422,801,3153,1404,0.73271424
310,/Volumes/SmithL0/2026/BIOL470/Final/0415/bee_0415_exp_05/bee_0415_exp_05_opto_2026-04-16_01-02-28_arena_circle_1.mp4,2867.5,1024.0,2514,650,3221,1398,0.7556113
311,/Volumes/SmithL0/2026/BIOL470/Final/0415/bee_0415_exp_05/bee_0415_exp_05_opto_2026-04-16_01-02-28_arena_circle_1.mp4,2921.0,902.5,2539,542,3303,1263,0.72923344
312,/Volumes/SmithL0/2026/BIOL470/Final/0415/bee_0415_exp_05/bee_0415_exp_05_opto_2026-04-16_01-02-28_arena_circle_1.mp4,2927.5,778.0,2559,404,3296,1152,0.74201226
313,/Volumes/SmithL0/2026/BIOL470/Final/0415/bee_0415_exp_05/bee_0415_exp_05_opto_2026-04-16_01-02-28_arena_circle_1.mp4,2958.5,739.0,2583,332,3334,1146,0.7539891
314,/Volumes/SmithL0/2026/BIOL470/Final/0415/bee_0415_exp_05/bee_0415_exp_05_opto_2026-04-16_01-02-28_arena_circle_1.mp4,2968.5,708.0,2591,258,3346,1158,0.71822053
315,/Volumes/SmithL0/2026/BIOL470/Final/0415/bee_0415_exp_05/bee_0415_exp_05_opto_2026-04-16_01-02-28_arena_circle_1.mp4,2880.5,685.0,2537,233,3224,1137,0.7796009
316,/Volumes/SmithL0/2026/BIOL470/Final/0415/bee_0415_exp_05/bee_0415_exp_05_opto_2026-04-16_01-02-28_arena_circle_1.mp4,2845.5,629.5,2540,226,3151,1033,0.7055983
317,/Volumes/SmithL0/2026/BIOL470/Final/0415/bee_0415_exp_05/bee_0415_exp_05_opto_2026-04-16_01-02-28_arena_circle_1.mp4,2881.0,668.0,2538,243,3224,1093,0.7820786
318,/Volumes/SmithL0/2026/BIOL470/Final/0415/bee_0415_exp_05/bee_0415_exp_05_opto_2026-04-16_01-02-28_arena_circle_1.mp4,2929.5,722.5,2576,350,3283,1095,0.7666449
319,/Volumes/SmithL0/2026/BIOL470/Final/0415/bee_0415_exp_05/bee_0415_exp_05_opto_2026-04-16_01-02-28_arena_circle_1.mp4,2966.5,756.0,2581,400,3352,1112,0.78682554
320,/Volumes/SmithL0/2026/BIOL470/Final/0415/bee_0415_exp_05/bee_0415_exp_05_opto_2026-04-16_01-02-28_arena_circle_1.mp4,3042.0,840.5,2619,472,3465,1209,0.7343469
321,/Volumes/SmithL0/2026/BIOL470/Final/0415/bee_0415_exp_05/bee_0415_exp_05_opto_2026-04-16_01-02-28_arena_circle_1.mp4,3136.0,883.5,2752,537,3520,1230,0.7547425
322,/Volumes/SmithL0/2026/BIOL470/Final/0415/bee_0415_exp_05/bee_0415_exp_05_opto_2026-04-16_01-02-28_arena_circle_1.mp4,3212.0,876.0,2814,547,3610,1205,0.75200623
323,/Volumes/SmithL0/2026/BIOL470/Final/0415/bee_0415_exp_05/bee_0415_exp_05_opto_2026-04-16_01-02-28_arena_circle_1.mp4,3271.5,921.5,2868,644,3675,1199,0.7350154
324,/Volumes/SmithL0/2026/BIOL470/Final/0415/bee_0415_exp_05/bee_0415_exp_05_opto_2026-04-16_01-02-28_arena_circle_1.mp4,3396.5,997.0,3036,736,3757,1258,0.73768985
325,/Volumes/SmithL0/2026/BIOL470/Final/0415/bee_0415_exp_05/bee_0415_exp_05_opto_2026-04-16_01-02-28_arena_circle_1.mp4,3460.0,1102.0,3105,800,3815,1404,0.7557084
326,/Volumes/SmithL0/2026/BIOL470/Final/0415/bee_0415_exp_05/bee_0415_exp_05_opto_2026-04-16_01-02-28_arena_circle_1.mp4,3469.0,1178.5,3102,838,3836,1519,0.7460076
327,/Volumes/SmithL0/2026/BIOL470/Final/0415/bee_0415_exp_05/bee_0415_exp_05_opto_2026-04-16_01-02-28_arena_circle_1.mp4,3472.0,1283.0,3124,952,3820,1614,0.77346426
328,/Volumes/SmithL0/2026/BIOL470/Final/0415/bee_0415_exp_05/bee_0415_exp_05_opto_2026-04-16_01-02-28_arena_circle_1.mp4,3520.0,1382.5,3172,1035,3868,1730,0.76688814
329,/Volumes/SmithL0/2026/BIOL470/Final/0415/bee_0415_exp_05/bee_0415_exp_05_opto_2026-04-16_01-02-28_arena_circle_1.mp4,3561.0,1488.5,3223,1203,3899,1774,0.7623273
330,/Volumes/SmithL0/2026/BIOL470/Final/0415/bee_0415_exp_05/bee_0415_exp_05_opto_2026-04-16_01-02-28_arena_circle_1.mp4,3598.5,1600.0,3233,1265,3964,1935,0.7781649
331,/Volumes/SmithL0/2026/BIOL470/Final/0415/bee_0415_exp_05/bee_0415_exp_05_opto_2026-04-16_01-02-28_arena_circle_1.mp4,3583.0,1772.5,3254,1444,3912,2101,0.74062026
332,/Volumes/SmithL0/2026/BIOL470/Final/0415/bee_0415_exp_05/bee_0415_exp_05_opto_2026-04-16_01-02-28_arena_circle_1.mp4,3573.0,1934.0,3244,1599,3902,2269,0.7280455
333,/Volumes/SmithL0/2026/BIOL470/Final/0415/bee_0415_exp_05/bee_0415_exp_05_opto_2026-04-16_01-02-28_arena_circle_1.mp4,3554.0,2068.5,3224,1703,3884,2434,0.7253158
334,/Volumes/SmithL0/2026/BIOL470/Final/0415/bee_0415_exp_05/bee_0415_exp_05_opto_2026-04-16_01-02-28_arena_circle_1.mp4,3501.5,2131.5,3170,1762,3833,2501,0.71601784
335,/Volumes/SmithL0/2026/BIOL470/Final/0415/bee_0415_exp_05/bee_0415_exp_05_opto_2026-04-16_01-02-28_arena_circle_1.mp4,3354.5,2255.5,3051,1888,3658,2623,0.6979089
336,/Volumes/SmithL0/2026/BIOL470/Final/0415/bee_0415_exp_05/bee_0415_exp_05_opto_2026-04-16_01-02-28_arena_circle_1.mp4,3365.0,2392.0,3050,2045,3680,2739,0.7424255
337,/Volumes/SmithL0/2026/BIOL470/Final/0415/bee_0415_exp_05/bee_0415_exp_05_opto_2026-04-16_01-02-28_arena_circle_1.mp4,3215.5,2497.5,2861,2148,3570,2847,0.73865855
338,/Volumes/SmithL0/2026/BIOL470/Final/0415/bee_0415_exp_05/bee_0415_exp_05_opto_2026-04-16_01-02-28_arena_circle_1.mp4,3104.0,2584.0,2834,2241,3374,2927,0.71270907
339,/Volumes/SmithL0/2026/BIOL470/Final/0415/bee_0415_exp_05/bee_0415_exp_05_opto_2026-04-16_01-02-28_arena_circle_1.mp4,3013.0,2655.5,2720,2337,3306,2974,0.7495153
340,/Volumes/SmithL0/2026/BIOL470/Final/0415/bee_0415_exp_05/bee_0415_exp_05_opto_2026-04-16_01-02-28_arena_circle_1.mp4,2921.0,2683.5,2558,2357,3284,3010,0.75963897
341,/Volumes/SmithL0/2026/BIOL470/Final/0415/bee_0415_exp_05/bee_0415_exp_05_opto_2026-04-16_01-02-28_arena_circle_1.mp4,2841.0,2719.0,2509,2424,3173,3014,0.70466775
342,/Volumes/SmithL0/2026/BIOL470/Final/0415/bee_0415_exp_05/bee_0415_exp_05_opto_2026-04-16_01-02-28_arena_circle_1.mp4,2693.0,2745.5,2322,2464,3064,3027,0.758939
343,/Volumes/SmithL0/2026/BIOL470/Final/0415/bee_0415_exp_05/bee_0415_exp_05_opto_2026-04-16_01-02-28_arena_circle_1.mp4,2537.5,2729.0,2203,2441,2872,3017,0.74396497
344,/Volumes/SmithL0/2026/BIOL470/Final/0415/bee_0415_exp_05/bee_0415_exp_05_opto_2026-04-16_01-02-28_arena_circle_1.mp4,2342.0,2754.5,1994,2475,2690,3034,0.7775418
345,/Volumes/SmithL0/2026/BIOL470/Final/0415/bee_0415_exp_05/bee_0415_exp_05_opto_2026-04-16_01-02-28_arena_circle_1.mp4,2157.5,2744.5,1807,2464,2508,3025,0.7608525
346,/Volumes/SmithL0/2026/BIOL470/Final/0415/bee_0415_exp_05/bee_0415_exp_05_opto_2026-04-16_01-02-28_arena_circle_1.mp4,2050.5,2720.0,1713,2455,2388,2985,0.77102613
347,/Volumes/SmithL0/2026/BIOL470/Final/0415/bee_0415_exp_05/bee_0415_exp_05_opto_2026-04-16_01-02-28_arena_circle_1.mp4,1911.0,2683.0,1570,2454,2252,2912,0.74234056
348,/Volumes/SmithL0/2026/BIOL470/Final/0415/bee_0415_exp_05/bee_0415_exp_05_opto_2026-04-16_01-02-28_arena_circle_1.mp4,1764.5,2630.0,1439,2371,2090,2889,0.7516954
349,/Volumes/SmithL0/2026/BIOL470/Final/0415/bee_0415_exp_05/bee_0415_exp_05_opto_2026-04-16_01-02-28_arena_circle_1.mp4,1735.0,2597.5,1391,2339,2079,2856,0.76979595
350,/Volumes/SmithL0/2026/BIOL470/Final/0415/bee_0415_exp_05/bee_0415_exp_05_opto_2026-04-16_01-02-28_arena_circle_1.mp4,1737.5,2588.5,1396,2329,2079,2848,0.75223887
351,/Volumes/SmithL0/2026/BIOL470/Final/0415/bee_0415_exp_05/bee_0415_exp_05_opto_2026-04-16_01-02-28_arena_circle_1.mp4,1738.5,2546.0,1389,2292,2088,2800,0.74855185
352,/Volumes/SmithL0/2026/BIOL470/Final/0415/bee_0415_exp_05/bee_0415_exp_05_opto_2026-04-16_01-02-28_arena_circle_1.mp4,1683.0,2570.5,1327,2340,2039,2801,0.73433805
353,/Volumes/SmithL0/2026/BIOL470/Final/0415/bee_0415_exp_05/bee_0415_exp_05_opto_2026-04-16_01-02-28_arena_circle_1.mp4,1636.5,2538.0,1284,2306,1989,2770,0.74873966
354,/Volumes/SmithL0/2026/BIOL470/Final/0415/bee_0415_exp_05/bee_0415_exp_05_opto_2026-04-16_01-02-28_arena_circle_1.mp4,1537.5,2446.0,1197,2199,1878,2693,0.7383304
355,/Volumes/SmithL0/2026/BIOL470/Final/0415/bee_0415_exp_05/bee_0415_exp_05_opto_2026-04-16_01-02-28_arena_circle_1.mp4,1444.5,2370.5,1109,2104,1780,2637,0.7754569
356,/Volumes/SmithL0/2026/BIOL470/Final/0415/bee_0415_exp_05/bee_0415_exp_05_opto_2026-04-16_01-02-28_arena_circle_1.mp4,1358.5,2249.5,1030,1944,1687,2555,0.73300964
357,/Volumes/SmithL0/2026/BIOL470/Final/0415/bee_0415_exp_05/bee_0415_exp_05_opto_2026-04-16_01-02-28_arena_circle_1.mp4,1360.0,2214.5,1030,1877,1690,2552,0.7439406
358,/Volumes/SmithL0/2026/BIOL470/Final/0415/bee_0415_exp_05/bee_0415_exp_05_opto_2026-04-16_01-02-28_arena_circle_1.mp4,1401.0,2119.0,984,1811,1818,2427,0.7219459
359,/Volumes/SmithL0/2026/BIOL470/Final/0415/bee_0415_exp_05/bee_0415_exp_05_opto_2026-04-16_01-02-28_arena_circle_1.mp4,1314.0,2059.5,959,1747,1669,2372,0.7267489
360,/Volumes/SmithL0/2026/BIOL470/Final/0415/bee_0415_exp_05/bee_0415_exp_05_opto_2026-04-16_01-02-28_arena_circle_1.mp4,1326.5,2082.0,943,1781,1710,2383,0.75129503
361,/Volumes/SmithL0/2026/BIOL470/Final/0415/bee_0415_exp_05/bee_0415_exp_05_opto_2026-04-16_01-02-28_arena_circle_1.mp4,1364.0,2113.0,994,1825,1734,2401,0.7417979
362,/Volumes/SmithL0/2026/BIOL470/Final/0415/bee_0415_exp_05/bee_0415_exp_05_opto_2026-04-16_01-02-28_arena_circle_1.mp4,1401.5,2095.0,1029,1802,1774,2388,0.81335014
363,/Volumes/SmithL0/2026/BIOL470/Final/0415/bee_0415_exp_05/bee_0415_exp_05_opto_2026-04-16_01-02-28_arena_circle_1.mp4,1432.5,2109.5,1086,1827,1779,2392,0.778754
364,/Volumes/SmithL0/2026/BIOL470/Final/0415/bee_0415_exp_05/bee_0415_exp_05_opto_2026-04-16_01-02-28_arena_circle_1.mp4,1431.0,2164.0,1077,1840,1785,2488,0.79538023
365,/Volumes/SmithL0/2026/BIOL470/Final/0415/bee_0415_exp_05/bee_0415_exp_05_opto_2026-04-16_01-02-28_arena_circle_1.mp4,1474.5,2246.5,1128,1926,1821,2567,0.7297528
366,/Volumes/SmithL0/2026/BIOL470/Final/0415/bee_0415_exp_05/bee_0415_exp_05_opto_2026-04-16_01-02-28_arena_circle_1.mp4,1518.0,2321.0,1179,1966,1857,2676,0.7439936
367,/Volumes/SmithL0/2026/BIOL470/Final/0415/bee_0415_exp_05/bee_0415_exp_05_opto_2026-04-16_01-02-28_arena_circle_1.mp4,1529.5,2386.5,1198,2024,1861,2749,0.77004313
368,/Volumes/SmithL0/2026/BIOL470/Final/0415/bee_0415_exp_05/bee_0415_exp_05_opto_2026-04-16_01-02-28_arena_circle_1.mp4,1556.5,2431.5,1247,2089,1866,2774,0.74427617
369,/Volumes/SmithL0/2026/BIOL470/Final/0415/bee_0415_exp_05/bee_0415_exp_05_opto_2026-04-16_01-02-28_arena_circle_1.mp4,1617.5,2523.0,1347,2179,1888,2867,0.736613
370,/Volumes/SmithL0/2026/BIOL470/Final/0415/bee_0415_exp_05/bee_0415_exp_05_opto_2026-04-16_01-02-28_arena_circle_1.mp4,1672.5,2584.5,1371,2271,1974,2898,0.7608713
371,/Volumes/SmithL0/2026/BIOL470/Final/0415/bee_0415_exp_05/bee_0415_exp_05_opto_2026-04-16_01-02-28_arena_circle_1.mp4,1688.5,2582.5,1399,2261,1978,2904,0.76120025
372,/Volumes/SmithL0/2026/BIOL470/Final/0415/bee_0415_exp_05/bee_0415_exp_05_opto_2026-04-16_01-02-28_arena_circle_1.mp4,1699.5,2583.0,1403,2268,1996,2898,0.75811255
373,/Volumes/SmithL0/2026/BIOL470/Final/0415/bee_0415_exp_05/bee_0415_exp_05_opto_2026-04-16_01-02-28_arena_circle_1.mp4,1764.5,2605.5,1465,2273,2064,2938,0.76741046
374,/Volumes/SmithL0/2026/BIOL470/Final/0415/bee_0415_exp_05/bee_0415_exp_05_opto_2026-04-16_01-02-28_arena_circle_1.mp4,1803.5,2620.0,1516,2309,2091,2931,0.74418175
375,/Volumes/SmithL0/2026/BIOL470/Final/0415/bee_0415_exp_05/bee_0415_exp_05_opto_2026-04-16_01-02-28_arena_circle_1.mp4,1868.5,2672.0,1554,2356,2183,2988,0.7514731
376,/Volumes/SmithL0/2026/BIOL470/Final/0415/bee_0415_exp_05/bee_0415_exp_05_opto_2026-04-16_01-02-28_arena_circle_1.mp4,2031.5,2749.0,1724,2469,2339,3029,0.7520758
377,/Volumes/SmithL0/2026/BIOL470/Final/0415/bee_0415_exp_05/bee_0415_exp_05_opto_2026-04-16_01-02-28_arena_circle_1.mp4,2167.5,2756.5,1835,2480,2500,3033,0.7539023
378,/Volumes/SmithL0/2026/BIOL470/Final/0415/bee_0415_exp_05/bee_0415_exp_05_opto_2026-04-16_01-02-28_arena_circle_1.mp4,2313.0,2775.5,1933,2513,2693,3038,0.74813706
379,/Volumes/SmithL0/2026/BIOL470/Final/0415/bee_0415_exp_05/bee_0415_exp_05_opto_2026-04-16_01-02-28_arena_circle_1.mp4,2461.0,2790.0,2123,2540,2799,3040,0.717054
380,/Volumes/SmithL0/2026/BIOL470/Final/0415/bee_0415_exp_05/bee_0415_exp_05_opto_2026-04-16_01-02-28_arena_circle_1.mp4,2582.0,2819.0,2214,2598,2950,3040,0.74911237
381,/Volumes/SmithL0/2026/BIOL470/Final/0415/bee_0415_exp_05/bee_0415_exp_05_opto_2026-04-16_01-02-28_arena_circle_1.mp4,2657.5,2753.5,2322,2471,2993,3036,0.7672735
382,/Volumes/SmithL0/2026/BIOL470/Final/0415/bee_0415_exp_05/bee_0415_exp_05_opto_2026-04-16_01-02-28_arena_circle_1.mp4,2712.5,2753.5,2326,2468,3099,3039,0.74419343
383,/Volumes/SmithL0/2026/BIOL470/Final/0415/bee_0415_exp_05/bee_0415_exp_05_opto_2026-04-16_01-02-28_arena_circle_1.mp4,2713.0,2743.0,2369,2465,3057,3021,0.71322244
384,/Volumes/SmithL0/2026/BIOL470/Final/0415/bee_0415_exp_05/bee_0415_exp_05_opto_2026-04-16_01-02-28_arena_circle_1.mp4,2671.5,2744.0,2358,2463,2985,3025,0.6712051
385,/Volumes/SmithL0/2026/BIOL470/Final/0415/bee_0415_exp_05/bee_0415_exp_05_opto_2026-04-16_01-02-28_arena_circle_1.mp4,2740.0,2753.0,2349,2467,3131,3039,0.73173416
386,/Volumes/SmithL0/2026/BIOL470/Final/0415/bee_0415_exp_05/bee_0415_exp_05_opto_2026-04-16_01-02-28_arena_circle_1.mp4,2724.0,2757.0,2330,2475,3118,3039,0.6991493
387,/Volumes/SmithL0/2026/BIOL470/Final/0415/bee_0415_exp_05/bee_0415_exp_05_opto_2026-04-16_01-02-28_arena_circle_1.mp4,2662.5,2765.5,2314,2492,3011,3039,0.7438491
388,/Volumes/SmithL0/2026/BIOL470/Final/0415/bee_0415_exp_05/bee_0415_exp_05_opto_2026-04-16_01-02-28_arena_circle_1.mp4,2711.0,2760.5,2346,2482,3076,3039,0.7264131
389,/Volumes/SmithL0/2026/BIOL470/Final/0415/bee_0415_exp_05/bee_0415_exp_05_opto_2026-04-16_01-02-28_arena_circle_1.mp4,2661.0,2755.0,2321,2473,3001,3037,0.7296674
390,/Volumes/SmithL0/2026/BIOL470/Final/0415/bee_0415_exp_05/bee_0415_exp_05_opto_2026-04-16_01-02-28_arena_circle_1.mp4,2657.5,2753.0,2331,2467,2984,3039,0.72710985
391,/Volumes/SmithL0/2026/BIOL470/Final/0415/bee_0415_exp_05/bee_0415_exp_05_opto_2026-04-16_01-02-28_arena_circle_1.mp4,2624.0,2753.5,2304,2468,2944,3039,0.7374121
392,/Volumes/SmithL0/2026/BIOL470/Final/0415/bee_0415_exp_05/bee_0415_exp_05_opto_2026-04-16_01-02-28_arena_circle_1.mp4,2654.0,2755.0,2328,2470,2980,3040,0.7402135
393,/Volumes/SmithL0/2026/BIOL470/Final/0415/bee_0415_exp_05/bee_0415_exp_05_opto_2026-04-16_01-02-28_arena_circle_1.mp4,2635.5,2755.5,2320,2471,2951,3040,0.7433968
394,/Volumes/SmithL0/2026/BIOL470/Final/0415/bee_0415_exp_05/bee_0415_exp_05_opto_2026-04-16_01-02-28_arena_circle_1.mp4,2668.5,2749.5,2310,2459,3027,3040,0.6944229
395,/Volumes/SmithL0/2026/BIOL470/Final/0415/bee_0415_exp_05/bee_0415_exp_05_opto_2026-04-16_01-02-28_arena_circle_1.mp4,2745.5,2728.5,2403,2450,3088,3007,0.752929
396,/Volumes/SmithL0/2026/BIOL470/Final/0415/bee_0415_exp_05/bee_0415_exp_05_opto_2026-04-16_01-02-28_arena_circle_1.mp4,2875.5,2733.5,2518,2458,3233,3009,0.7328094
397,/Volumes/SmithL0/2026/BIOL470/Final/0415/bee_0415_exp_05/bee_0415_exp_05_opto_2026-04-16_01-02-28_arena_circle_1.mp4,2953.5,2649.0,2609,2373,3298,2925,0.74895525
398,/Volumes/SmithL0/2026/BIOL470/Final/0415/bee_0415_exp_05/bee_0415_exp_05_opto_2026-04-16_01-02-28_arena_circle_1.mp4,3057.0,2642.5,2713,2402,3401,2883,0.73258
399,/Volumes/SmithL0/2026/BIOL470/Final/0415/bee_0415_exp_05/bee_0415_exp_05_opto_2026-04-16_01-02-28_arena_circle_1.mp4,3209.0,2588.5,2833,2322,3585,2855,0.77344626
400,/Volumes/SmithL0/2026/BIOL470/Final/0415/bee_0415_exp_05/bee_0415_exp_05_opto_2026-04-16_01-02-28_arena_circle_1.mp4,3219.5,2531.0,2842,2270,3597,2792,0.77052957
401,/Volumes/SmithL0/2026/BIOL470/Final/0415/bee_0415_exp_05/bee_0415_exp_05_opto_2026-04-16_01-02-28_arena_circle_1.mp4,3254.0,2509.5,2878,2252,3630,2767,0.7392551
402,/Volumes/SmithL0/2026/BIOL470/Final/0415/bee_0415_exp_05/bee_0415_exp_05_opto_2026-04-16_01-02-28_arena_circle_1.mp4,3280.0,2494.5,2919,2227,3641,2762,0.7599038
403,/Volumes/SmithL0/2026/BIOL470/Final/0415/bee_0415_exp_05/bee_0415_exp_05_opto_2026-04-16_01-02-28_arena_circle_1.mp4,3294.5,2491.0,2910,2222,3679,2760,0.75790304
404,/Volumes/SmithL0/2026/BIOL470/Final/0415/bee_0415_exp_05/bee_0415_exp_05_opto_2026-04-16_01-02-28_arena_circle_1.mp4,3325.5,2491.5,2979,2214,3672,2769,0.7263067
405,/Volumes/SmithL0/2026/BIOL470/Final/0415/bee_0415_exp_05/bee_0415_exp_05_opto_2026-04-16_01-02-28_arena_circle_1.mp4,3367.5,2490.0,3002,2228,3733,2752,0.7507886
406,/Volumes/SmithL0/2026/BIOL470/Final/0415/bee_0415_exp_05/bee_0415_exp_05_opto_2026-04-16_01-02-28_arena_circle_1.mp4,3349.5,2434.0,3002,2166,3697,2702,0.7254746
407,/Volumes/SmithL0/2026/BIOL470/Final/0415/bee_0415_exp_05/bee_0415_exp_05_opto_2026-04-16_01-02-28_arena_circle_1.mp4,3357.5,2460.5,3010,2247,3705,2674,0.726242
408,/Volumes/SmithL0/2026/BIOL470/Final/0415/bee_0415_exp_05/bee_0415_exp_05_opto_2026-04-16_01-02-28_arena_circle_1.mp4,3394.0,2388.5,3020,2123,3768,2654,0.7509765
409,/Volumes/SmithL0/2026/BIOL470/Final/0415/bee_0415_exp_05/bee_0415_exp_05_opto_2026-04-16_01-02-28_arena_circle_1.mp4,3370.5,2371.0,3030,2081,3711,2661,0.7639036
410,/Volumes/SmithL0/2026/BIOL470/Final/0415/bee_0415_exp_05/bee_0415_exp_05_opto_2026-04-16_01-02-28_arena_circle_1.mp4,3379.0,2359.5,3043,2057,3715,2662,0.7563949
411,/Volumes/SmithL0/2026/BIOL470/Final/0415/bee_0415_exp_05/bee_0415_exp_05_opto_2026-04-16_01-02-28_arena_circle_1.mp4,3402.5,2387.0,3074,2058,3731,2716,0.74091184
412,/Volumes/SmithL0/2026/BIOL470/Final/0415/bee_0415_exp_05/bee_0415_exp_05_opto_2026-04-16_01-02-28_arena_circle_1.mp4,3407.5,2355.0,3099,2038,3716,2672,0.7507076
413,/Volumes/SmithL0/2026/BIOL470/Final/0415/bee_0415_exp_05/bee_0415_exp_05_opto_2026-04-16_01-02-28_arena_circle_1.mp4,3461.0,2353.5,3158,2040,3764,2667,0.7390123
414,/Volumes/SmithL0/2026/BIOL470/Final/0415/bee_0415_exp_05/bee_0415_exp_05_opto_2026-04-16_01-02-28_arena_circle_1.mp4,3411.0,2322.5,3103,1990,3719,2655,0.72071767
415,/Volumes/SmithL0/2026/BIOL470/Final/0415/bee_0415_exp_05/bee_0415_exp_05_opto_2026-04-16_01-02-28_arena_circle_1.mp4,3370.0,2348.0,3064,2012,3676,2684,0.7240227
416,/Volumes/SmithL0/2026/BIOL470/Final/0415/bee_0415_exp_05/bee_0415_exp_05_opto_2026-04-16_01-02-28_arena_circle_1.mp4,3370.0,2399.5,3074,2041,3666,2758,0.73174626
417,/Volumes/SmithL0/2026/BIOL470/Final/0415/bee_0415_exp_05/bee_0415_exp_05_opto_2026-04-16_01-02-28_arena_circle_1.mp4,3333.5,2475.5,3059,2132,3608,2819,0.7325602
418,/Volumes/SmithL0/2026/BIOL470/Final/0415/bee_0415_exp_05/bee_0415_exp_05_opto_2026-04-16_01-02-28_arena_circle_1.mp4,3267.5,2471.5,2961,2141,3574,2802,0.7237061
419,/Volumes/SmithL0/2026/BIOL470/Final/0415/bee_0415_exp_05/bee_0415_exp_05_opto_2026-04-16_01-02-28_arena_circle_1.mp4,3262.5,2503.0,2972,2159,3553,2847,0.69267046
420,/Volumes/SmithL0/2026/BIOL470/Final/0415/bee_0415_exp_05/bee_0415_exp_05_opto_2026-04-16_01-02-28_arena_circle_1.mp4,3184.5,2526.0,2913,2185,3456,2867,0.70698446
421,/Volumes/SmithL0/2026/BIOL470/Final/0415/bee_0415_exp_05/bee_0415_exp_05_opto_2026-04-16_01-02-28_arena_circle_1.mp4,3111.0,2557.0,2836,2211,3386,2903,0.7060591
422,/Volumes/SmithL0/2026/BIOL470/Final/0415/bee_0415_exp_05/bee_0415_exp_05_opto_2026-04-16_01-02-28_arena_circle_1.mp4,3010.5,2632.5,2749,2308,3272,2957,0.71299934
423,/Volumes/SmithL0/2026/BIOL470/Final/0415/bee_0415_exp_05/bee_0415_exp_05_opto_2026-04-16_01-02-28_arena_circle_1.mp4,2998.5,2640.5,2731,2322,3266,2959,0.7335431
424,/Volumes/SmithL0/2026/BIOL470/Final/0415/bee_0415_exp_05/bee_0415_exp_05_opto_2026-04-16_01-02-28_arena_circle_1.mp4,2957.0,2706.5,2659,2386,3255,3027,0.6890802
425,/Volumes/SmithL0/2026/BIOL470/Final/0415/bee_0415_exp_05/bee_0415_exp_05_opto_2026-04-16_01-02-28_arena_circle_1.mp4,2862.5,2723.5,2585,2424,3140,3023,0.68963075
426,/Volumes/SmithL0/2026/BIOL470/Final/0415/bee_0415_exp_05/bee_0415_exp_05_opto_2026-04-16_01-02-28_arena_circle_1.mp4,2819.0,2724.5,2564,2415,3074,3034,0.67929405
427,/Volumes/SmithL0/2026/BIOL470/Final/0415/bee_0415_exp_05/bee_0415_exp_05_opto_2026-04-16_01-02-28_arena_circle_1.mp4,2789.5,2723.0,2526,2412,3053,3034,0.67356956
428,/Volumes/SmithL0/2026/BIOL470/Final/0415/bee_0415_exp_05/bee_0415_exp_05_opto_2026-04-16_01-02-28_arena_circle_1.mp4,2729.0,2754.5,2426,2469,3032,3040,0.7469694
429,/Volumes/SmithL0/2026/BIOL470/Final/0415/bee_0415_exp_05/bee_0415_exp_05_opto_2026-04-16_01-02-28_arena_circle_1.mp4,2712.5,2777.5,2413,2515,3012,3040,0.71595556
430,/Volumes/SmithL0/2026/BIOL470/Final/0415/bee_0415_exp_05/bee_0415_exp_05_opto_2026-04-16_01-02-28_arena_circle_1.mp4,2717.0,2790.0,2361,2540,3073,3040,0.73203903
431,/Volumes/SmithL0/2026/BIOL470/Final/0415/bee_0415_exp_05/bee_0415_exp_05_opto_2026-04-16_01-02-28_arena_circle_1.mp4,2640.0,2776.5,2274,2513,3006,3040,0.7508721
432,/Volumes/SmithL0/2026/BIOL470/Final/0415/bee_0415_exp_05/bee_0415_exp_05_opto_2026-04-16_01-02-28_arena_circle_1.mp4,2462.5,2780.5,2126,2522,2799,3039,0.72542584
433,/Volumes/SmithL0/2026/BIOL470/Final/0415/bee_0415_exp_05/bee_0415_exp_05_opto_2026-04-16_01-02-28_arena_circle_1.mp4,2361.5,2777.5,2003,2515,2720,3040,0.7613313
434,/Volumes/SmithL0/2026/BIOL470/Final/0415/bee_0415_exp_05/bee_0415_exp_05_opto_2026-04-16_01-02-28_arena_circle_1.mp4,2265.5,2754.5,1928,2471,2603,3038,0.7581184
435,/Volumes/SmithL0/2026/BIOL470/Final/0415/bee_0415_exp_05/bee_0415_exp_05_opto_2026-04-16_01-02-28_arena_circle_1.mp4,2174.5,2749.5,1811,2485,2538,3014,0.7662022
436,/Volumes/SmithL0/2026/BIOL470/Final/0415/bee_0415_exp_05/bee_0415_exp_05_opto_2026-04-16_01-02-28_arena_circle_1.mp4,2131.0,2730.0,1768,2468,2494,2992,0.76605177
437,/Volumes/SmithL0/2026/BIOL470/Final/0415/bee_0415_exp_05/bee_0415_exp_05_opto_2026-04-16_01-02-28_arena_circle_1.mp4,2091.5,2735.5,1732,2478,2451,2993,0.7393573
438,/Volumes/SmithL0/2026/BIOL470/Final/0415/bee_0415_exp_05/bee_0415_exp_05_opto_2026-04-16_01-02-28_arena_circle_1.mp4,1954.0,2729.0,1616,2469,2292,2989,0.7396828
439,/Volumes/SmithL0/2026/BIOL470/Final/0415/bee_0415_exp_05/bee_0415_exp_05_opto_2026-04-16_01-02-28_arena_circle_1.mp4,1938.5,2760.5,1591,2533,2286,2988,0.7341653
440,/Volumes/SmithL0/2026/BIOL470/Final/0415/bee_0415_exp_05/bee_0415_exp_05_opto_2026-04-16_01-02-28_arena_circle_1.mp4,1944.5,2697.5,1603,2445,2286,2950,0.7571813
441,/Volumes/SmithL0/2026/BIOL470/Final/0415/bee_0415_exp_05/bee_0415_exp_05_opto_2026-04-16_01-02-28_arena_circle_1.mp4,1931.5,2671.5,1576,2427,2287,2916,0.76250184
442,/Volumes/SmithL0/2026/BIOL470/Final/0415/bee_0415_exp_05/bee_0415_exp_05_opto_2026-04-16_01-02-28_arena_circle_1.mp4,1887.5,2665.0,1534,2433,2241,2897,0.72605616
443,/Volumes/SmithL0/2026/BIOL470/Final/0415/bee_0415_exp_05/bee_0415_exp_05_opto_2026-04-16_01-02-28_arena_circle_1.mp4,1811.5,2638.5,1439,2386,2184,2891,0.75208193
444,/Volumes/SmithL0/2026/BIOL470/Final/0415/bee_0415_exp_05/bee_0415_exp_05_opto_2026-04-16_01-02-28_arena_circle_1.mp4,1848.5,2588.5,1518,2314,2179,2863,0.7632269
445,/Volumes/SmithL0/2026/BIOL470/Final/0415/bee_0415_exp_05/bee_0415_exp_05_opto_2026-04-16_01-02-28_arena_circle_1.mp4,1862.0,2548.5,1524,2281,2200,2816,0.7463489
446,/Volumes/SmithL0/2026/BIOL470/Final/0415/bee_0415_exp_05/bee_0415_exp_05_opto_2026-04-16_01-02-28_arena_circle_1.mp4,1828.0,2592.0,1482,2318,2174,2866,0.76253134
447,/Volumes/SmithL0/2026/BIOL470/Final/0415/bee_0415_exp_05/bee_0415_exp_05_opto_2026-04-16_01-02-28_arena_circle_1.mp4,1773.0,2564.5,1437,2273,2109,2856,0.76387495
448,/Volumes/SmithL0/2026/BIOL470/Final/0415/bee_0415_exp_05/bee_0415_exp_05_opto_2026-04-16_01-02-28_arena_circle_1.mp4,1787.0,2543.5,1432,2256,2142,2831,0.7500775
449,/Volumes/SmithL0/2026/BIOL470/Final/0415/bee_0415_exp_05/bee_0415_exp_05_opto_2026-04-16_01-02-28_arena_circle_1.mp4,1805.0,2554.0,1458,2250,2152,2858,0.7524287
450,/Volumes/SmithL0/2026/BIOL470/Final/0415/bee_0415_exp_05/bee_0415_exp_05_opto_2026-04-16_01-02-28_arena_circle_1.mp4,1757.5,2564.5,1418,2267,2097,2862,0.7782765
451,/Volumes/SmithL0/2026/BIOL470/Final/0415/bee_0415_exp_05/bee_0415_exp_05_opto_2026-04-16_01-02-28_arena_circle_1.mp4,1818.0,2581.5,1468,2299,2168,2864,0.7783051
452,/Volumes/SmithL0/2026/BIOL470/Final/0415/bee_0415_exp_05/bee_0415_exp_05_opto_2026-04-16_01-02-28_arena_circle_1.mp4,1779.5,2568.5,1452,2264,2107,2873,0.77338654
453,/Volumes/SmithL0/2026/BIOL470/Final/0415/bee_0415_exp_05/bee_0415_exp_05_opto_2026-04-16_01-02-28_arena_circle_1.mp4,1775.0,2579.5,1456,2289,2094,2870,0.7660796
454,/Volumes/SmithL0/2026/BIOL470/Final/0415/bee_0415_exp_05/bee_0415_exp_05_opto_2026-04-16_01-02-28_arena_circle_1.mp4,1746.5,2590.5,1411,2313,2082,2868,0.77296525
455,/Volumes/SmithL0/2026/BIOL470/Final/0415/bee_0415_exp_05/bee_0415_exp_05_opto_2026-04-16_01-02-28_arena_circle_1.mp4,1736.5,2555.0,1406,2245,2067,2865,0.78365666
456,/Volumes/SmithL0/2026/BIOL470/Final/0415/bee_0415_exp_05/bee_0415_exp_05_opto_2026-04-16_01-02-28_arena_circle_1.mp4,1744.5,2563.0,1419,2259,2070,2867,0.7684896
457,/Volumes/SmithL0/2026/BIOL470/Final/0415/bee_0415_exp_05/bee_0415_exp_05_opto_2026-04-16_01-02-28_arena_circle_1.mp4,1828.0,2655.0,1519,2359,2137,2951,0.7628332
458,/Volumes/SmithL0/2026/BIOL470/Final/0415/bee_0415_exp_05/bee_0415_exp_05_opto_2026-04-16_01-02-28_arena_circle_1.mp4,1851.0,2647.5,1541,2354,2161,2941,0.7567166
459,/Volumes/SmithL0/2026/BIOL470/Final/0415/bee_0415_exp_05/bee_0415_exp_05_opto_2026-04-16_01-02-28_arena_circle_1.mp4,1853.5,2655.5,1562,2361,2145,2950,0.7661508
460,/Volumes/SmithL0/2026/BIOL470/Final/0415/bee_0415_exp_05/bee_0415_exp_05_opto_2026-04-16_01-02-28_arena_circle_1.mp4,1903.5,2676.5,1606,2394,2201,2959,0.77098864
461,/Volumes/SmithL0/2026/BIOL470/Final/0415/bee_0415_exp_05/bee_0415_exp_05_opto_2026-04-16_01-02-28_arena_circle_1.mp4,1934.5,2696.0,1619,2424,2250,2968,0.7477581
462,/Volumes/SmithL0/2026/BIOL470/Final/0415/bee_0415_exp_05/bee_0415_exp_05_opto_2026-04-16_01-02-28_arena_circle_1.mp4,1932.0,2707.0,1612,2441,2252,2973,0.7470229
463,/Volumes/SmithL0/2026/BIOL470/Final/0415/bee_0415_exp_05/bee_0415_exp_05_opto_2026-04-16_01-02-28_arena_circle_1.mp4,1932.5,2713.0,1609,2449,2256,2977,0.7520697
464,/Volumes/SmithL0/2026/BIOL470/Final/0415/bee_0415_exp_05/bee_0415_exp_05_opto_2026-04-16_01-02-28_arena_circle_1.mp4,1898.0,2690.5,1605,2416,2191,2965,0.75535226
465,/Volumes/SmithL0/2026/BIOL470/Final/0415/bee_0415_exp_05/bee_0415_exp_05_opto_2026-04-16_01-02-28_arena_circle_1.mp4,1902.0,2692.5,1608,2409,2196,2976,0.7552452
466,/Volumes/SmithL0/2026/BIOL470/Final/0415/bee_0415_exp_05/bee_0415_exp_05_opto_2026-04-16_01-02-28_arena_circle_1.mp4,1915.5,2708.5,1641,2418,2190,2999,0.699633
467,/Volumes/SmithL0/2026/BIOL470/Final/0415/bee_0415_exp_05/bee_0415_exp_05_opto_2026-04-16_01-02-28_arena_circle_1.mp4,1908.0,2686.0,1661,2406,2155,2966,0.7690648
468,/Volumes/SmithL0/2026/BIOL470/Final/0415/bee_0415_exp_05/bee_0415_exp_05_opto_2026-04-16_01-02-28_arena_circle_1.mp4,1898.5,2639.0,1598,2327,2199,2951,0.73373866
469,/Volumes/SmithL0/2026/BIOL470/Final/0415/bee_0415_exp_05/bee_0415_exp_05_opto_2026-04-16_01-02-28_arena_circle_1.mp4,1925.5,2658.0,1634,2352,2217,2964,0.76531684
470,/Volumes/SmithL0/2026/BIOL470/Final/0415/bee_0415_exp_05/bee_0415_exp_05_opto_2026-04-16_01-02-28_arena_circle_1.mp4,1925.0,2653.5,1612,2358,2238,2949,0.77521
471,/Volumes/SmithL0/2026/BIOL470/Final/0415/bee_0415_exp_05/bee_0415_exp_05_opto_2026-04-16_01-02-28_arena_circle_1.mp4,1926.5,2618.5,1586,2335,2267,2902,0.7444513
472,/Volumes/SmithL0/2026/BIOL470/Final/0415/bee_0415_exp_05/bee_0415_exp_05_opto_2026-04-16_01-02-28_arena_circle_1.mp4,1855.0,2626.0,1515,2359,2195,2893,0.74895126
473,/Volumes/SmithL0/2026/BIOL470/Final/0415/bee_0415_exp_05/bee_0415_exp_05_opto_2026-04-16_01-02-28_arena_circle_1.mp4,1843.5,2617.5,1491,2360,2196,2875,0.7747592
474,/Volumes/SmithL0/2026/BIOL470/Final/0415/bee_0415_exp_05/bee_0415_exp_05_opto_2026-04-16_01-02-28_arena_circle_1.mp4,1835.5,2619.0,1487,2365,2184,2873,0.7751379
475,/Volumes/SmithL0/2026/BIOL470/Final/0415/bee_0415_exp_05/bee_0415_exp_05_opto_2026-04-16_01-02-28_arena_circle_1.mp4,1800.0,2584.5,1431,2303,2169,2866,0.7718432
476,/Volumes/SmithL0/2026/BIOL470/Final/0415/bee_0415_exp_05/bee_0415_exp_05_opto_2026-04-16_01-02-28_arena_circle_1.mp4,1832.0,2599.5,1491,2333,2173,2866,0.7560341
477,/Volumes/SmithL0/2026/BIOL470/Final/0415/bee_0415_exp_05/bee_0415_exp_05_opto_2026-04-16_01-02-28_arena_circle_1.mp4,1779.0,2591.0,1438,2316,2120,2866,0.7612803
478,/Volumes/SmithL0/2026/BIOL470/Final/0415/bee_0415_exp_05/bee_0415_exp_05_opto_2026-04-16_01-02-28_arena_circle_1.mp4,1762.5,2613.0,1436,2337,2089,2889,0.7457987
479,/Volumes/SmithL0/2026/BIOL470/Final/0415/bee_0415_exp_05/bee_0415_exp_05_opto_2026-04-16_01-02-28_arena_circle_1.mp4,1783.5,2615.5,1482,2339,2085,2892,0.754508
480,/Volumes/SmithL0/2026/BIOL470/Final/0415/bee_0415_exp_05/bee_0415_exp_05_opto_2026-04-16_01-02-28_arena_circle_1.mp4,1782.5,2624.5,1461,2350,2104,2899,0.73397064
481,/Volumes/SmithL0/2026/BIOL470/Final/0415/bee_0415_exp_05/bee_0415_exp_05_opto_2026-04-16_01-02-28_arena_circle_1.mp4,1777.0,2626.0,1451,2354,2103,2898,0.7415076
482,/Volumes/SmithL0/2026/BIOL470/Final/0415/bee_0415_exp_05/bee_0415_exp_05_opto_2026-04-16_01-02-28_arena_circle_1.mp4,1807.5,2638.0,1501,2359,2114,2917,0.74709857
483,/Volumes/SmithL0/2026/BIOL470/Final/0415/bee_0415_exp_05/bee_0415_exp_05_opto_2026-04-16_01-02-28_arena_circle_1.mp4,1798.0,2629.5,1484,2353,2112,2906,0.7378527
484,/Volumes/SmithL0/2026/BIOL470/Final/0415/bee_0415_exp_05/bee_0415_exp_05_opto_2026-04-16_01-02-28_arena_circle_1.mp4,1848.0,2658.5,1553,2362,2143,2955,0.7710327
485,/Volumes/SmithL0/2026/BIOL470/Final/0415/bee_0415_exp_05/bee_0415_exp_05_opto_2026-04-16_01-02-28_arena_circle_1.mp4,1905.0,2681.5,1596,2402,2214,2961,0.7681003
486,/Volumes/SmithL0/2026/BIOL470/Final/0415/bee_0415_exp_05/bee_0415_exp_05_opto_2026-04-16_01-02-28_arena_circle_1.mp4,1928.0,2690.0,1602,2416,2254,2964,0.74942005
487,/Volumes/SmithL0/2026/BIOL470/Final/0415/bee_0415_exp_05/bee_0415_exp_05_opto_2026-04-16_01-02-28_arena_circle_1.mp4,1913.0,2689.0,1578,2417,2248,2961,0.7493312
488,/Volumes/SmithL0/2026/BIOL470/Final/0415/bee_0415_exp_05/bee_0415_exp_05_opto_2026-04-16_01-02-28_arena_circle_1.mp4,1918.0,2686.0,1614,2417,2222,2955,0.7600262
489,/Volumes/SmithL0/2026/BIOL470/Final/0415/bee_0415_exp_05/bee_0415_exp_05_opto_2026-04-16_01-02-28_arena_circle_1.mp4,1937.0,2643.0,1607,2363,2267,2923,0.76370656
490,/Volumes/SmithL0/2026/BIOL470/Final/0415/bee_0415_exp_05/bee_0415_exp_05_opto_2026-04-16_01-02-28_arena_circle_1.mp4,1920.5,2618.5,1581,2328,2260,2909,0.7560796
491,/Volumes/SmithL0/2026/BIOL470/Final/0415/bee_0415_exp_05/bee_0415_exp_05_opto_2026-04-16_01-02-28_arena_circle_1.mp4,1846.0,2614.0,1497,2346,2195,2882,0.7723802
492,/Volumes/SmithL0/2026/BIOL470/Final/0415/bee_0415_exp_05/bee_0415_exp_05_opto_2026-04-16_01-02-28_arena_circle_1.mp4,1800.5,2608.5,1460,2338,2141,2879,0.748374
493,/Volumes/SmithL0/2026/BIOL470/Final/0415/bee_0415_exp_05/bee_0415_exp_05_opto_2026-04-16_01-02-28_arena_circle_1.mp4,1811.0,2618.5,1478,2347,2144,2890,0.72702026
494,/Volumes/SmithL0/2026/BIOL470/Final/0415/bee_0415_exp_05/bee_0415_exp_05_opto_2026-04-16_01-02-28_arena_circle_1.mp4,1794.0,2612.0,1495,2334,2093,2890,0.73687285
495,/Volumes/SmithL0/2026/BIOL470/Final/0415/bee_0415_exp_05/bee_0415_exp_05_opto_2026-04-16_01-02-28_arena_circle_1.mp4,1800.5,2611.5,1510,2326,2091,2897,0.7437611
496,/Volumes/SmithL0/2026/BIOL470/Final/0415/bee_0415_exp_05/bee_0415_exp_05_opto_2026-04-16_01-02-28_arena_circle_1.mp4,1804.0,2609.5,1518,2323,2090,2896,0.7447414
497,/Volumes/SmithL0/2026/BIOL470/Final/0415/bee_0415_exp_05/bee_0415_exp_05_opto_2026-04-16_01-02-28_arena_circle_1.mp4,1831.5,2655.5,1532,2345,2131,2966,0.7517223
498,/Volumes/SmithL0/2026/BIOL470/Final/0415/bee_0415_exp_05/bee_0415_exp_05_opto_2026-04-16_01-02-28_arena_circle_1.mp4,1833.5,2647.5,1532,2336,2135,2959,0.74382883
499,/Volumes/SmithL0/2026/BIOL470/Final/0415/bee_0415_exp_05/bee_0415_exp_05_opto_2026-04-16_01-02-28_arena_circle_1.mp4,1816.0,2654.5,1514,2350,2118,2959,0.75542957
500,/Volumes/SmithL0/2026/BIOL470/Final/0415/bee_0415_exp_05/bee_0415_exp_05_opto_2026-04-16_01-02-28_arena_circle_1.mp4,1793.0,2626.5,1505,2320,2081,2933,0.729596
501,/Volumes/SmithL0/2026/BIOL470/Final/0415/bee_0415_exp_05/bee_0415_exp_05_opto_2026-04-16_01-02-28_arena_circle_1.mp4,1769.0,2647.5,1493,2357,2045,2938,0.73157305
502,/Volumes/SmithL0/2026/BIOL470/Final/0415/bee_0415_exp_05/bee_0415_exp_05_opto_2026-04-16_01-02-28_arena_circle_1.mp4,1806.0,2647.0,1504,2360,2108,2934,0.7672552
503,/Volumes/SmithL0/2026/BIOL470/Final/0415/bee_0415_exp_05/bee_0415_exp_05_opto_2026-04-16_01-02-28_arena_circle_1.mp4,1823.5,2661.5,1511,2416,2136,2907,0.73941183
504,/Volumes/SmithL0/2026/BIOL470/Final/0415/bee_0415_exp_05/bee_0415_exp_05_opto_2026-04-16_01-02-28_arena_circle_1.mp4,1816.0,2650.0,1448,2417,2184,2883,0.7413972
505,/Volumes/SmithL0/2026/BIOL470/Final/0415/bee_0415_exp_05/bee_0415_exp_05_opto_2026-04-16_01-02-28_arena_circle_1.mp4,1809.0,2593.5,1438,2324,2180,2863,0.74024034
506,/Volumes/SmithL0/2026/BIOL470/Final/0415/bee_0415_exp_05/bee_0415_exp_05_opto_2026-04-16_01-02-28_arena_circle_1.mp4,1781.5,2589.0,1420,2323,2143,2855,0.7565759
507,/Volumes/SmithL0/2026/BIOL470/Final/0415/bee_0415_exp_05/bee_0415_exp_05_opto_2026-04-16_01-02-28_arena_circle_1.mp4,1743.5,2600.0,1402,2340,2085,2860,0.76004815
508,/Volumes/SmithL0/2026/BIOL470/Final/0415/bee_0415_exp_05/bee_0415_exp_05_opto_2026-04-16_01-02-28_arena_circle_1.mp4,1741.0,2560.5,1399,2307,2083,2814,0.7652363
509,/Volumes/SmithL0/2026/BIOL470/Final/0415/bee_0415_exp_05/bee_0415_exp_05_opto_2026-04-16_01-02-28_arena_circle_1.mp4,1742.5,2567.0,1399,2305,2086,2829,0.7610717
510,/Volumes/SmithL0/2026/BIOL470/Final/0415/bee_0415_exp_05/bee_0415_exp_05_opto_2026-04-16_01-02-28_arena_circle_1.mp4,1736.0,2541.0,1399,2272,2073,2810,0.77201825
511,/Volumes/SmithL0/2026/BIOL470/Final/0415/bee_0415_exp_05/bee_0415_exp_05_opto_2026-04-16_01-02-28_arena_circle_1.mp4,1701.5,2549.0,1396,2271,2007,2827,0.7633611
512,/Volumes/SmithL0/2026/BIOL470/Final/0415/bee_0415_exp_05/bee_0415_exp_05_opto_2026-04-16_01-02-28_arena_circle_1.mp4,1740.0,2556.0,1425,2249,2055,2863,0.7751987
513,/Volumes/SmithL0/2026/BIOL470/Final/0415/bee_0415_exp_05/bee_0415_exp_05_opto_2026-04-16_01-02-28_arena_circle_1.mp4,1781.5,2574.0,1502,2257,2061,2891,0.7772028
514,/Volumes/SmithL0/2026/BIOL470/Final/0415/bee_0415_exp_05/bee_0415_exp_05_opto_2026-04-16_01-02-28_arena_circle_1.mp4,1826.5,2647.5,1563,2342,2090,2953,0.74329776
515,/Volumes/SmithL0/2026/BIOL470/Final/0415/bee_0415_exp_05/bee_0415_exp_05_opto_2026-04-16_01-02-28_arena_circle_1.mp4,1875.5,2664.0,1599,2357,2152,2971,0.77029794
516,/Volumes/SmithL0/2026/BIOL470/Final/0415/bee_0415_exp_05/bee_0415_exp_05_opto_2026-04-16_01-02-28_arena_circle_1.mp4,1865.5,2668.5,1591,2370,2140,2967,0.7346286
517,/Volumes/SmithL0/2026/BIOL470/Final/0415/bee_0415_exp_05/bee_0415_exp_05_opto_2026-04-16_01-02-28_arena_circle_1.mp4,1882.5,2671.5,1603,2356,2162,2987,0.77281225
518,/Volumes/SmithL0/2026/BIOL470/Final/0415/bee_0415_exp_05/bee_0415_exp_05_opto_2026-04-16_01-02-28_arena_circle_1.mp4,1877.5,2660.5,1607,2348,2148,2973,0.76065
519,/Volumes/SmithL0/2026/BIOL470/Final/0415/bee_0415_exp_05/bee_0415_exp_05_opto_2026-04-16_01-02-28_arena_circle_1.mp4,1837.0,2664.0,1593,2362,2081,2966,0.7594929
520,/Volumes/SmithL0/2026/BIOL470/Final/0415/bee_0415_exp_05/bee_0415_exp_05_opto_2026-04-16_01-02-28_arena_circle_1.mp4,1839.0,2666.5,1587,2365,2091,2968,0.7537781
521,/Volumes/SmithL0/2026/BIOL470/Final/0415/bee_0415_exp_05/bee_0415_exp_05_opto_2026-04-16_01-02-28_arena_circle_1.mp4,1848.5,2664.0,1587,2365,2110,2963,0.7462675
522,/Volumes/SmithL0/2026/BIOL470/Final/0415/bee_0415_exp_05/bee_0415_exp_05_opto_2026-04-16_01-02-28_arena_circle_1.mp4,1838.5,2658.0,1586,2349,2091,2967,0.7415668
523,/Volumes/SmithL0/2026/BIOL470/Final/0415/bee_0415_exp_05/bee_0415_exp_05_opto_2026-04-16_01-02-28_arena_circle_1.mp4,1844.0,2659.0,1589,2353,2099,2965,0.73704743
524,/Volumes/SmithL0/2026/BIOL470/Final/0415/bee_0415_exp_05/bee_0415_exp_05_opto_2026-04-16_01-02-28_arena_circle_1.mp4,1845.0,2635.0,1560,2323,2130,2947,0.72610146
525,/Volumes/SmithL0/2026/BIOL470/Final/0415/bee_0415_exp_05/bee_0415_exp_05_opto_2026-04-16_01-02-28_arena_circle_1.mp4,1792.0,2641.0,1541,2331,2043,2951,0.731666
526,/Volumes/SmithL0/2026/BIOL470/Final/0415/bee_0415_exp_05/bee_0415_exp_05_opto_2026-04-16_01-02-28_arena_circle_1.mp4,1831.5,2654.5,1538,2351,2125,2958,0.7633981
527,/Volumes/SmithL0/2026/BIOL470/Final/0415/bee_0415_exp_05/bee_0415_exp_05_opto_2026-04-16_01-02-28_arena_circle_1.mp4,1825.5,2658.0,1545,2361,2106,2955,0.7707528
528,/Volumes/SmithL0/2026/BIOL470/Final/0415/bee_0415_exp_05/bee_0415_exp_05_opto_2026-04-16_01-02-28_arena_circle_1.mp4,1833.5,2634.0,1536,2347,2131,2921,0.73873156
529,/Volumes/SmithL0/2026/BIOL470/Final/0415/bee_0415_exp_05/bee_0415_exp_05_opto_2026-04-16_01-02-28_arena_circle_1.mp4,1807.0,2613.5,1517,2322,2097,2905,0.745796
530,/Volumes/SmithL0/2026/BIOL470/Final/0415/bee_0415_exp_05/bee_0415_exp_05_opto_2026-04-16_01-02-28_arena_circle_1.mp4,1823.5,2630.0,1526,2314,2121,2946,0.7276149
531,/Volumes/SmithL0/2026/BIOL470/Final/0415/bee_0415_exp_05/bee_0415_exp_05_opto_2026-04-16_01-02-28_arena_circle_1.mp4,1805.5,2636.0,1532,2321,2079,2951,0.752704
532,/Volumes/SmithL0/2026/BIOL470/Final/0415/bee_0415_exp_05/bee_0415_exp_05_opto_2026-04-16_01-02-28_arena_circle_1.mp4,1818.5,2585.0,1518,2259,2119,2911,0.7464031
533,/Volumes/SmithL0/2026/BIOL470/Final/0415/bee_0415_exp_05/bee_0415_exp_05_opto_2026-04-16_01-02-28_arena_circle_1.mp4,1860.5,2610.5,1533,2269,2188,2952,0.75348616
534,/Volumes/SmithL0/2026/BIOL470/Final/0415/bee_0415_exp_05/bee_0415_exp_05_opto_2026-04-16_01-02-28_arena_circle_1.mp4,1928.5,2633.5,1584,2298,2273,2969,0.7139492
535,/Volumes/SmithL0/2026/BIOL470/Final/0415/bee_0415_exp_05/bee_0415_exp_05_opto_2026-04-16_01-02-28_arena_circle_1.mp4,1933.5,2689.0,1607,2368,2260,3010,0.72749954
536,/Volumes/SmithL0/2026/BIOL470/Final/0415/bee_0415_exp_05/bee_0415_exp_05_opto_2026-04-16_01-02-28_arena_circle_1.mp4,1897.5,2690.5,1623,2360,2172,3021,0.73603266
537,/Volumes/SmithL0/2026/BIOL470/Final/0415/bee_0415_exp_05/bee_0415_exp_05_opto_2026-04-16_01-02-28_arena_circle_1.mp4,1894.0,2714.0,1604,2403,2184,3025,0.7070387
538,/Volumes/SmithL0/2026/BIOL470/Final/0415/bee_0415_exp_05/bee_0415_exp_05_opto_2026-04-16_01-02-28_arena_circle_1.mp4,1874.0,2717.5,1588,2403,2160,3032,0.713618
539,/Volumes/SmithL0/2026/BIOL470/Final/0415/bee_0415_exp_05/bee_0415_exp_05_opto_2026-04-16_01-02-28_arena_circle_1.mp4,1851.0,2708.0,1552,2397,2150,3019,0.7308146
540,/Volumes/SmithL0/2026/BIOL470/Final/0415/bee_0415_exp_05/bee_0415_exp_05_opto_2026-04-16_01-02-28_arena_circle_1.mp4,1880.0,2665.0,1611,2350,2149,2980,0.75206006
541,/Volumes/SmithL0/2026/BIOL470/Final/0415/bee_0415_exp_05/bee_0415_exp_05_opto_2026-04-16_01-02-28_arena_circle_1.mp4,1868.5,2664.0,1568,2367,2169,2961,0.7540026
542,/Volumes/SmithL0/2026/BIOL470/Final/0415/bee_0415_exp_05/bee_0415_exp_05_opto_2026-04-16_01-02-28_arena_circle_1.mp4,1855.0,2665.5,1562,2363,2148,2968,0.7604082
543,/Volumes/SmithL0/2026/BIOL470/Final/0415/bee_0415_exp_05/bee_0415_exp_05_opto_2026-04-16_01-02-28_arena_circle_1.mp4,1840.5,2649.5,1546,2337,2135,2962,0.74755764
544,/Volumes/SmithL0/2026/BIOL470/Final/0415/bee_0415_exp_05/bee_0415_exp_05_opto_2026-04-16_01-02-28_arena_circle_1.mp4,1805.0,2622.0,1509,2323,2101,2921,0.7375497
545,/Volumes/SmithL0/2026/BIOL470/Final/0415/bee_0415_exp_05/bee_0415_exp_05_opto_2026-04-16_01-02-28_arena_circle_1.mp4,1799.5,2612.5,1503,2320,2096,2905,0.7452436
546,/Volumes/SmithL0/2026/BIOL470/Final/0415/bee_0415_exp_05/bee_0415_exp_05_opto_2026-04-16_01-02-28_arena_circle_1.mp4,1803.5,2612.0,1514,2315,2093,2909,0.75082195
547,/Volumes/SmithL0/2026/BIOL470/Final/0415/bee_0415_exp_05/bee_0415_exp_05_opto_2026-04-16_01-02-28_arena_circle_1.mp4,1780.0,2591.5,1493,2288,2067,2895,0.76683325
548,/Volumes/SmithL0/2026/BIOL470/Final/0415/bee_0415_exp_05/bee_0415_exp_05_opto_2026-04-16_01-02-28_arena_circle_1.mp4,1784.5,2604.5,1490,2316,2079,2893,0.7567935
549,/Volumes/SmithL0/2026/BIOL470/Final/0415/bee_0415_exp_05/bee_0415_exp_05_opto_2026-04-16_01-02-28_arena_circle_1.mp4,1774.0,2603.0,1460,2317,2088,2889,0.76460415
550,/Volumes/SmithL0/2026/BIOL470/Final/0415/bee_0415_exp_05/bee_0415_exp_05_opto_2026-04-16_01-02-28_arena_circle_1.mp4,1731.0,2579.0,1412,2285,2050,2873,0.7838874
551,/Volumes/SmithL0/2026/BIOL470/Final/0415/bee_0415_exp_05/bee_0415_exp_05_opto_2026-04-16_01-02-28_arena_circle_1.mp4,1735.5,2592.0,1399,2316,2072,2868,0.7720879
552,/Volumes/SmithL0/2026/BIOL470/Final/0415/bee_0415_exp_05/bee_0415_exp_05_opto_2026-04-16_01-02-28_arena_circle_1.mp4,1684.5,2525.0,1329,2257,2040,2793,0.7347196
553,/Volumes/SmithL0/2026/BIOL470/Final/0415/bee_0415_exp_05/bee_0415_exp_05_opto_2026-04-16_01-02-28_arena_circle_1.mp4,1643.5,2485.5,1296,2208,1991,2763,0.7778785
554,/Volumes/SmithL0/2026/BIOL470/Final/0415/bee_0415_exp_05/bee_0415_exp_05_opto_2026-04-16_01-02-28_arena_circle_1.mp4,1635.0,2469.5,1291,2173,1979,2766,0.7788066
555,/Volumes/SmithL0/2026/BIOL470/Final/0415/bee_0415_exp_05/bee_0415_exp_05_opto_2026-04-16_01-02-28_arena_circle_1.mp4,1659.5,2502.5,1346,2176,1973,2829,0.7604537
556,/Volumes/SmithL0/2026/BIOL470/Final/0415/bee_0415_exp_05/bee_0415_exp_05_opto_2026-04-16_01-02-28_arena_circle_1.mp4,1640.0,2542.0,1331,2231,1949,2853,0.73725325
557,/Volumes/SmithL0/2026/BIOL470/Final/0415/bee_0415_exp_05/bee_0415_exp_05_opto_2026-04-16_01-02-28_arena_circle_1.mp4,1632.5,2570.0,1342,2235,1923,2905,0.7366574
558,/Volumes/SmithL0/2026/BIOL470/Final/0415/bee_0415_exp_05/bee_0415_exp_05_opto_2026-04-16_01-02-28_arena_circle_1.mp4,1544.5,2577.0,1144,2234,1945,2920,0.7413953
559,/Volumes/SmithL0/2026/BIOL470/Final/0415/bee_0415_exp_05/bee_0415_exp_05_opto_2026-04-16_01-02-28_arena_circle_1.mp4,1633.5,2563.0,1345,2220,1922,2906,0.6196714
560,/Volumes/SmithL0/2026/BIOL470/Final/0415/bee_0415_exp_05/bee_0415_exp_05_opto_2026-04-16_01-02-28_arena_circle_1.mp4,1612.5,2582.5,1291,2234,1934,2931,0.7215727
561,/Volumes/SmithL0/2026/BIOL470/Final/0415/bee_0415_exp_05/bee_0415_exp_05_opto_2026-04-16_01-02-28_arena_circle_1.mp4,1572.5,2569.0,1252,2202,1893,2936,0.74212044
562,/Volumes/SmithL0/2026/BIOL470/Final/0415/bee_0415_exp_05/bee_0415_exp_05_opto_2026-04-16_01-02-28_arena_circle_1.mp4,1640.0,2558.5,1301,2192,1979,2925,0.75067294
563,/Volumes/SmithL0/2026/BIOL470/Final/0415/bee_0415_exp_05/bee_0415_exp_05_opto_2026-04-16_01-02-28_arena_circle_1.mp4,1640.0,2550.0,1307,2190,1973,2910,0.7593566
564,/Volumes/SmithL0/2026/BIOL470/Final/0415/bee_0415_exp_05/bee_0415_exp_05_opto_2026-04-16_01-02-28_arena_circle_1.mp4,1628.0,2553.5,1301,2182,1955,2925,0.75440866
565,/Volumes/SmithL0/2026/BIOL470/Final/0415/bee_0415_exp_05/bee_0415_exp_05_opto_2026-04-16_01-02-28_arena_circle_1.mp4,1574.0,2558.5,1268,2168,1880,2949,0.7533241
566,/Volumes/SmithL0/2026/BIOL470/Final/0415/bee_0415_exp_05/bee_0415_exp_05_opto_2026-04-16_01-02-28_arena_circle_1.mp4,1565.0,2555.0,1270,2166,1860,2944,0.7510543
567,/Volumes/SmithL0/2026/BIOL470/Final/0415/bee_0415_exp_05/bee_0415_exp_05_opto_2026-04-16_01-02-28_arena_circle_1.mp4,1563.5,2553.0,1263,2175,1864,2931,0.75738734
568,/Volumes/SmithL0/2026/BIOL470/Final/0415/bee_0415_exp_05/bee_0415_exp_05_opto_2026-04-16_01-02-28_arena_circle_1.mp4,1565.0,2553.5,1271,2172,1859,2935,0.7264508
569,/Volumes/SmithL0/2026/BIOL470/Final/0415/bee_0415_exp_05/bee_0415_exp_05_opto_2026-04-16_01-02-28_arena_circle_1.mp4,1560.5,2550.5,1274,2177,1847,2924,0.76139325
570,/Volumes/SmithL0/2026/BIOL470/Final/0415/bee_0415_exp_05/bee_0415_exp_05_opto_2026-04-16_01-02-28_arena_circle_1.mp4,1562.0,2555.5,1270,2185,1854,2926,0.75478417
571,/Volumes/SmithL0/2026/BIOL470/Final/0415/bee_0415_exp_05/bee_0415_exp_05_opto_2026-04-16_01-02-28_arena_circle_1.mp4,1542.5,2566.5,1237,2178,1848,2955,0.7241962
572,/Volumes/SmithL0/2026/BIOL470/Final/0415/bee_0415_exp_05/bee_0415_exp_05_opto_2026-04-16_01-02-28_arena_circle_1.mp4,1541.0,2574.0,1229,2177,1853,2971,0.71906793
573,/Volumes/SmithL0/2026/BIOL470/Final/0415/bee_0415_exp_05/bee_0415_exp_05_opto_2026-04-16_01-02-28_arena_circle_1.mp4,1534.0,2564.0,1239,2187,1829,2941,0.71313274
574,/Volumes/SmithL0/2026/BIOL470/Final/0415/bee_0415_exp_05/bee_0415_exp_05_opto_2026-04-16_01-02-28_arena_circle_1.mp4,1540.5,2556.5,1257,2186,1824,2927,0.7288402
575,/Volumes/SmithL0/2026/BIOL470/Final/0415/bee_0415_exp_05/bee_0415_exp_05_opto_2026-04-16_01-02-28_arena_circle_1.mp4,1537.5,2544.0,1252,2178,1823,2910,0.72027874
576,/Volumes/SmithL0/2026/BIOL470/Final/0415/bee_0415_exp_05/bee_0415_exp_05_opto_2026-04-16_01-02-28_arena_circle_1.mp4,1550.5,2548.5,1253,2184,1848,2913,0.72892
577,/Volumes/SmithL0/2026/BIOL470/Final/0415/bee_0415_exp_05/bee_0415_exp_05_opto_2026-04-16_01-02-28_arena_circle_1.mp4,1501.5,2532.5,1252,2166,1751,2899,0.70787513
578,/Volumes/SmithL0/2026/BIOL470/Final/0415/bee_0415_exp_05/bee_0415_exp_05_opto_2026-04-16_01-02-28_arena_circle_1.mp4,1495.5,2503.5,1243,2157,1748,2850,0.73758066
579,/Volumes/SmithL0/2026/BIOL470/Final/0415/bee_0415_exp_05/bee_0415_exp_05_opto_2026-04-16_01-02-28_arena_circle_1.mp4,1468.5,2516.5,1207,2165,1730,2868,0.70645773
580,/Volumes/SmithL0/2026/BIOL470/Final/0415/bee_0415_exp_05/bee_0415_exp_05_opto_2026-04-16_01-02-28_arena_circle_1.mp4,1460.0,2532.0,1176,2161,1744,2903,0.7248237
581,/Volumes/SmithL0/2026/BIOL470/Final/0415/bee_0415_exp_05/bee_0415_exp_05_opto_2026-04-16_01-02-28_arena_circle_1.mp4,1464.0,2510.5,1153,2162,1775,2859,0.75180656
582,/Volumes/SmithL0/2026/BIOL470/Final/0415/bee_0415_exp_05/bee_0415_exp_05_opto_2026-04-16_01-02-28_arena_circle_1.mp4,1496.0,2519.5,1206,2187,1786,2852,0.74845093
583,/Volumes/SmithL0/2026/BIOL470/Final/0415/bee_0415_exp_05/bee_0415_exp_05_opto_2026-04-16_01-02-28_arena_circle_1.mp4,1495.0,2481.5,1163,2169,1827,2794,0.7639508
584,/Volumes/SmithL0/2026/BIOL470/Final/0415/bee_0415_exp_05/bee_0415_exp_05_opto_2026-04-16_01-02-28_arena_circle_1.mp4,1534.0,2488.0,1203,2206,1865,2770,0.7730454
585,/Volumes/SmithL0/2026/BIOL470/Final/0415/bee_0415_exp_05/bee_0415_exp_05_opto_2026-04-16_01-02-28_arena_circle_1.mp4,1546.0,2528.5,1211,2263,1881,2794,0.7589127
586,/Volumes/SmithL0/2026/BIOL470/Final/0415/bee_0415_exp_05/bee_0415_exp_05_opto_2026-04-16_01-02-28_arena_circle_1.mp4,1623.0,2555.5,1265,2273,1981,2838,0.79618573
587,/Volumes/SmithL0/2026/BIOL470/Final/0415/bee_0415_exp_05/bee_0415_exp_05_opto_2026-04-16_01-02-28_arena_circle_1.mp4,1689.5,2558.5,1324,2270,2055,2847,0.7705349
588,/Volumes/SmithL0/2026/BIOL470/Final/0415/bee_0415_exp_05/bee_0415_exp_05_opto_2026-04-16_01-02-28_arena_circle_1.mp4,1802.5,2591.5,1504,2311,2101,2872,0.7627627
589,/Volumes/SmithL0/2026/BIOL470/Final/0415/bee_0415_exp_05/bee_0415_exp_05_opto_2026-04-16_01-02-28_arena_circle_1.mp4,1898.5,2645.0,1524,2375,2273,2915,0.78031516
590,/Volumes/SmithL0/2026/BIOL470/Final/0415/bee_0415_exp_05/bee_0415_exp_05_opto_2026-04-16_01-02-28_arena_circle_1.mp4,2115.5,2739.0,1750,2480,2481,2998,0.78856415
591,/Volumes/SmithL0/2026/BIOL470/Final/0415/bee_0415_exp_05/bee_0415_exp_05_opto_2026-04-16_01-02-28_arena_circle_1.mp4,2128.0,2767.0,1775,2513,2481,3021,0.75343627
592,/Volumes/SmithL0/2026/BIOL470/Final/0415/bee_0415_exp_05/bee_0415_exp_05_opto_2026-04-16_01-02-28_arena_circle_1.mp4,2143.5,2773.5,1796,2526,2491,3021,0.7399864
593,/Volumes/SmithL0/2026/BIOL470/Final/0415/bee_0415_exp_05/bee_0415_exp_05_opto_2026-04-16_01-02-28_arena_circle_1.mp4,2162.5,2771.5,1829,2538,2496,3005,0.7335194
594,/Volumes/SmithL0/2026/BIOL470/Final/0415/bee_0415_exp_05/bee_0415_exp_05_opto_2026-04-16_01-02-28_arena_circle_1.mp4,2199.0,2716.5,1842,2439,2556,2994,0.75013256
595,/Volumes/SmithL0/2026/BIOL470/Final/0415/bee_0415_exp_05/bee_0415_exp_05_opto_2026-04-16_01-02-28_arena_circle_1.mp4,2262.0,2715.0,1911,2451,2613,2979,0.77917355
596,/Volumes/SmithL0/2026/BIOL470/Final/0415/bee_0415_exp_05/bee_0415_exp_05_opto_2026-04-16_01-02-28_arena_circle_1.mp4,2287.0,2693.0,1923,2413,2651,2973,0.76683927
597,/Volumes/SmithL0/2026/BIOL470/Final/0415/bee_0415_exp_05/bee_0415_exp_05_opto_2026-04-16_01-02-28_arena_circle_1.mp4,2342.0,2706.5,1980,2438,2704,2975,0.76196176
598,/Volumes/SmithL0/2026/BIOL470/Final/0415/bee_0415_exp_05/bee_0415_exp_05_opto_2026-04-16_01-02-28_arena_circle_1.mp4,2438.5,2719.5,2076,2455,2801,2984,0.76114714
599,/Volumes/SmithL0/2026/BIOL470/Final/0415/bee_0415_exp_05/bee_0415_exp_05_opto_2026-04-16_01-02-28_arena_circle_1.mp4,2533.0,2723.0,2163,2470,2903,2976,0.7609144
600,/Volumes/SmithL0/2026/BIOL470/Final/0415/bee_0415_exp_05/bee_0415_exp_05_opto_2026-04-16_01-02-28_arena_circle_1.mp4,2710.0,2713.5,2346,2447,3074,2980,0.76936334
601,/Volumes/SmithL0/2026/BIOL470/Final/0415/bee_0415_exp_05/bee_0415_exp_05_opto_2026-04-16_01-02-28_arena_circle_1.mp4,2757.0,2720.0,2408,2460,3106,2980,0.7557366
602,/Volumes/SmithL0/2026/BIOL470/Final/0415/bee_0415_exp_05/bee_0415_exp_05_opto_2026-04-16_01-02-28_arena_circle_1.mp4,2781.5,2712.5,2415,2447,3148,2978,0.73004836
603,/Volumes/SmithL0/2026/BIOL470/Final/0415/bee_0415_exp_05/bee_0415_exp_05_opto_2026-04-16_01-02-28_arena_circle_1.mp4,2909.5,2659.5,2534,2407,3285,2912,0.7433749
