,filepath,x_centroid,y_centroid,x_min,y_min,x_max,y_max,detection_confidence
0,/Volumes/SmithL0/2026/BIOL470/Final/Learning_Rig/bee_0408_3/rev/cam1_2026-04-08_18-38-58.mp4,1032.5,2132.0,825,1779,1240,2485,0.8403203
1,/Volumes/SmithL0/2026/BIOL470/Final/Learning_Rig/bee_0408_3/rev/cam1_2026-04-08_18-38-58.mp4,1028.0,2135.5,819,1778,1237,2493,0.83709437
2,/Volumes/SmithL0/2026/BIOL470/Final/Learning_Rig/bee_0408_3/rev/cam1_2026-04-08_18-38-58.mp4,1031.5,2131.0,825,1779,1238,2483,0.83832234
3,/Volumes/SmithL0/2026/BIOL470/Final/Learning_Rig/bee_0408_3/rev/cam1_2026-04-08_18-38-58.mp4,1030.5,2131.5,823,1778,1238,2485,0.8372113
4,/Volumes/SmithL0/2026/BIOL470/Final/Learning_Rig/bee_0408_3/rev/cam1_2026-04-08_18-38-58.mp4,1031.5,2130.5,823,1779,1240,2482,0.83999574
5,/Volumes/SmithL0/2026/BIOL470/Final/Learning_Rig/bee_0408_3/rev/cam1_2026-04-08_18-38-58.mp4,1027.5,2136.0,817,1778,1238,2494,0.83779556
6,/Volumes/SmithL0/2026/BIOL470/Final/Learning_Rig/bee_0408_3/rev/cam1_2026-04-08_18-38-58.mp4,1031.5,2133.0,824,1780,1239,2486,0.83630615
7,/Volumes/SmithL0/2026/BIOL470/Final/Learning_Rig/bee_0408_3/rev/cam1_2026-04-08_18-38-58.mp4,1028.5,2135.0,821,1777,1236,2493,0.83679426
8,/Volumes/SmithL0/2026/BIOL470/Final/Learning_Rig/bee_0408_3/rev/cam1_2026-04-08_18-38-58.mp4,1031.5,2132.0,824,1779,1239,2485,0.8370114
9,/Volumes/SmithL0/2026/BIOL470/Final/Learning_Rig/bee_0408_3/rev/cam1_2026-04-08_18-38-58.mp4,1027.5,2135.5,817,1777,1238,2494,0.8375226
10,/Volumes/SmithL0/2026/BIOL470/Final/Learning_Rig/bee_0408_3/rev/cam1_2026-04-08_18-38-58.mp4,1027.0,2135.0,818,1776,1236,2494,0.8365324
11,/Volumes/SmithL0/2026/BIOL470/Final/Learning_Rig/bee_0408_3/rev/cam1_2026-04-08_18-38-58.mp4,1024.5,2135.5,815,1777,1234,2494,0.83601826
12,/Volumes/SmithL0/2026/BIOL470/Final/Learning_Rig/bee_0408_3/rev/cam1_2026-04-08_18-38-58.mp4,1026.5,2135.5,818,1777,1235,2494,0.83577096
13,/Volumes/SmithL0/2026/BIOL470/Final/Learning_Rig/bee_0408_3/rev/cam1_2026-04-08_18-38-58.mp4,1030.5,2131.5,824,1779,1237,2484,0.83460397
14,/Volumes/SmithL0/2026/BIOL470/Final/Learning_Rig/bee_0408_3/rev/cam1_2026-04-08_18-38-58.mp4,1025.5,2136.0,814,1778,1237,2494,0.8352755
15,/Volumes/SmithL0/2026/BIOL470/Final/Learning_Rig/bee_0408_3/rev/cam1_2026-04-08_18-38-58.mp4,1026.5,2135.5,818,1777,1235,2494,0.83365995
16,/Volumes/SmithL0/2026/BIOL470/Final/Learning_Rig/bee_0408_3/rev/cam1_2026-04-08_18-38-58.mp4,1030.0,2131.5,823,1779,1237,2484,0.83420944
17,/Volumes/SmithL0/2026/BIOL470/Final/Learning_Rig/bee_0408_3/rev/cam1_2026-04-08_18-38-58.mp4,1030.0,2131.5,822,1779,1238,2484,0.8359056
18,/Volumes/SmithL0/2026/BIOL470/Final/Learning_Rig/bee_0408_3/rev/cam1_2026-04-08_18-38-58.mp4,1026.5,2135.0,816,1777,1237,2493,0.83752096
19,/Volumes/SmithL0/2026/BIOL470/Final/Learning_Rig/bee_0408_3/rev/cam1_2026-04-08_18-38-58.mp4,1028.0,2135.5,818,1778,1238,2493,0.8372307
20,/Volumes/SmithL0/2026/BIOL470/Final/Learning_Rig/bee_0408_3/rev/cam1_2026-04-08_18-38-58.mp4,1028.5,2135.5,819,1778,1238,2493,0.838326
21,/Volumes/SmithL0/2026/BIOL470/Final/Learning_Rig/bee_0408_3/rev/cam1_2026-04-08_18-38-58.mp4,1028.0,2135.5,819,1778,1237,2493,0.8371698
22,/Volumes/SmithL0/2026/BIOL470/Final/Learning_Rig/bee_0408_3/rev/cam1_2026-04-08_18-38-58.mp4,1029.5,2136.0,822,1778,1237,2494,0.8388827
23,/Volumes/SmithL0/2026/BIOL470/Final/Learning_Rig/bee_0408_3/rev/cam1_2026-04-08_18-38-58.mp4,1028.5,2135.0,820,1778,1237,2492,0.8368885
24,/Volumes/SmithL0/2026/BIOL470/Final/Learning_Rig/bee_0408_3/rev/cam1_2026-04-08_18-38-58.mp4,1030.0,2135.0,821,1778,1239,2492,0.837698
25,/Volumes/SmithL0/2026/BIOL470/Final/Learning_Rig/bee_0408_3/rev/cam1_2026-04-08_18-38-58.mp4,1028.5,2135.5,820,1777,1237,2494,0.83718836
26,/Volumes/SmithL0/2026/BIOL470/Final/Learning_Rig/bee_0408_3/rev/cam1_2026-04-08_18-38-58.mp4,1028.0,2135.0,820,1776,1236,2494,0.83891726
27,/Volumes/SmithL0/2026/BIOL470/Final/Learning_Rig/bee_0408_3/rev/cam1_2026-04-08_18-38-58.mp4,1027.0,2136.0,817,1777,1237,2495,0.83861953
28,/Volumes/SmithL0/2026/BIOL470/Final/Learning_Rig/bee_0408_3/rev/cam1_2026-04-08_18-38-58.mp4,1027.0,2136.0,816,1777,1238,2495,0.83826876
29,/Volumes/SmithL0/2026/BIOL470/Final/Learning_Rig/bee_0408_3/rev/cam1_2026-04-08_18-38-58.mp4,1032.0,2133.0,824,1779,1240,2487,0.8372708
30,/Volumes/SmithL0/2026/BIOL470/Final/Learning_Rig/bee_0408_3/rev/cam1_2026-04-08_18-38-58.mp4,1028.0,2135.0,818,1777,1238,2493,0.83748233
31,/Volumes/SmithL0/2026/BIOL470/Final/Learning_Rig/bee_0408_3/rev/cam1_2026-04-08_18-38-58.mp4,1027.0,2135.5,816,1777,1238,2494,0.8382852
32,/Volumes/SmithL0/2026/BIOL470/Final/Learning_Rig/bee_0408_3/rev/cam1_2026-04-08_18-38-58.mp4,1028.0,2134.5,819,1776,1237,2493,0.83751804
33,/Volumes/SmithL0/2026/BIOL470/Final/Learning_Rig/bee_0408_3/rev/cam1_2026-04-08_18-38-58.mp4,1027.5,2135.0,819,1777,1236,2493,0.8379734
34,/Volumes/SmithL0/2026/BIOL470/Final/Learning_Rig/bee_0408_3/rev/cam1_2026-04-08_18-38-58.mp4,1027.5,2135.0,819,1777,1236,2493,0.83775014
35,/Volumes/SmithL0/2026/BIOL470/Final/Learning_Rig/bee_0408_3/rev/cam1_2026-04-08_18-38-58.mp4,1026.0,2135.5,818,1777,1234,2494,0.83761775
36,/Volumes/SmithL0/2026/BIOL470/Final/Learning_Rig/bee_0408_3/rev/cam1_2026-04-08_18-38-58.mp4,1026.5,2135.5,817,1777,1236,2494,0.8384798
37,/Volumes/SmithL0/2026/BIOL470/Final/Learning_Rig/bee_0408_3/rev/cam1_2026-04-08_18-38-58.mp4,1027.5,2136.0,819,1778,1236,2494,0.83806616
38,/Volumes/SmithL0/2026/BIOL470/Final/Learning_Rig/bee_0408_3/rev/cam1_2026-04-08_18-38-58.mp4,1027.0,2135.5,818,1778,1236,2493,0.8364414
39,/Volumes/SmithL0/2026/BIOL470/Final/Learning_Rig/bee_0408_3/rev/cam1_2026-04-08_18-38-58.mp4,1027.0,2135.0,818,1777,1236,2493,0.8365157
40,/Volumes/SmithL0/2026/BIOL470/Final/Learning_Rig/bee_0408_3/rev/cam1_2026-04-08_18-38-58.mp4,1026.0,2135.5,817,1778,1235,2493,0.8358782
41,/Volumes/SmithL0/2026/BIOL470/Final/Learning_Rig/bee_0408_3/rev/cam1_2026-04-08_18-38-58.mp4,1027.0,2135.5,817,1778,1237,2493,0.8342451
42,/Volumes/SmithL0/2026/BIOL470/Final/Learning_Rig/bee_0408_3/rev/cam1_2026-04-08_18-38-58.mp4,1028.5,2135.0,818,1777,1239,2493,0.8385206
43,/Volumes/SmithL0/2026/BIOL470/Final/Learning_Rig/bee_0408_3/rev/cam1_2026-04-08_18-38-58.mp4,1028.5,2134.5,820,1777,1237,2492,0.83735496
44,/Volumes/SmithL0/2026/BIOL470/Final/Learning_Rig/bee_0408_3/rev/cam1_2026-04-08_18-38-58.mp4,1027.0,2135.0,818,1777,1236,2493,0.83794945
45,/Volumes/SmithL0/2026/BIOL470/Final/Learning_Rig/bee_0408_3/rev/cam1_2026-04-08_18-38-58.mp4,1028.5,2135.0,819,1777,1238,2493,0.83853227
46,/Volumes/SmithL0/2026/BIOL470/Final/Learning_Rig/bee_0408_3/rev/cam1_2026-04-08_18-38-58.mp4,1028.0,2134.5,818,1777,1238,2492,0.8386131
47,/Volumes/SmithL0/2026/BIOL470/Final/Learning_Rig/bee_0408_3/rev/cam1_2026-04-08_18-38-58.mp4,1026.5,2134.0,817,1777,1236,2491,0.83620346
48,/Volumes/SmithL0/2026/BIOL470/Final/Learning_Rig/bee_0408_3/rev/cam1_2026-04-08_18-38-58.mp4,1026.5,2135.0,816,1778,1237,2492,0.83704907
49,/Volumes/SmithL0/2026/BIOL470/Final/Learning_Rig/bee_0408_3/rev/cam1_2026-04-08_18-38-58.mp4,1026.0,2134.5,815,1777,1237,2492,0.8356907
50,/Volumes/SmithL0/2026/BIOL470/Final/Learning_Rig/bee_0408_3/rev/cam1_2026-04-08_18-38-58.mp4,1026.0,2135.5,816,1777,1236,2494,0.83866405
51,/Volumes/SmithL0/2026/BIOL470/Final/Learning_Rig/bee_0408_3/rev/cam1_2026-04-08_18-38-58.mp4,1028.0,2135.5,820,1777,1236,2494,0.8373836
52,/Volumes/SmithL0/2026/BIOL470/Final/Learning_Rig/bee_0408_3/rev/cam1_2026-04-08_18-38-58.mp4,1028.5,2135.5,821,1778,1236,2493,0.8383632
53,/Volumes/SmithL0/2026/BIOL470/Final/Learning_Rig/bee_0408_3/rev/cam1_2026-04-08_18-38-58.mp4,1028.0,2135.5,819,1777,1237,2494,0.838498
54,/Volumes/SmithL0/2026/BIOL470/Final/Learning_Rig/bee_0408_3/rev/cam1_2026-04-08_18-38-58.mp4,1027.0,2135.0,817,1776,1237,2494,0.8374098
55,/Volumes/SmithL0/2026/BIOL470/Final/Learning_Rig/bee_0408_3/rev/cam1_2026-04-08_18-38-58.mp4,1026.0,2135.0,817,1776,1235,2494,0.8381959
56,/Volumes/SmithL0/2026/BIOL470/Final/Learning_Rig/bee_0408_3/rev/cam1_2026-04-08_18-38-58.mp4,1026.0,2135.0,815,1776,1237,2494,0.83705854
57,/Volumes/SmithL0/2026/BIOL470/Final/Learning_Rig/bee_0408_3/rev/cam1_2026-04-08_18-38-58.mp4,1028.0,2135.5,819,1776,1237,2495,0.8402797
58,/Volumes/SmithL0/2026/BIOL470/Final/Learning_Rig/bee_0408_3/rev/cam1_2026-04-08_18-38-58.mp4,1025.0,2135.0,814,1776,1236,2494,0.83826965
59,/Volumes/SmithL0/2026/BIOL470/Final/Learning_Rig/bee_0408_3/rev/cam1_2026-04-08_18-38-58.mp4,1023.5,2134.5,813,1776,1234,2493,0.8359724
60,/Volumes/SmithL0/2026/BIOL470/Final/Learning_Rig/bee_0408_3/rev/cam1_2026-04-08_18-38-58.mp4,1021.5,2134.0,812,1776,1231,2492,0.83409923
61,/Volumes/SmithL0/2026/BIOL470/Final/Learning_Rig/bee_0408_3/rev/cam1_2026-04-08_18-38-58.mp4,1022.5,2134.5,812,1777,1233,2492,0.83399826
62,/Volumes/SmithL0/2026/BIOL470/Final/Learning_Rig/bee_0408_3/rev/cam1_2026-04-08_18-38-58.mp4,1024.0,2134.5,813,1776,1235,2493,0.8362252
63,/Volumes/SmithL0/2026/BIOL470/Final/Learning_Rig/bee_0408_3/rev/cam1_2026-04-08_18-38-58.mp4,1025.0,2135.0,814,1777,1236,2493,0.8341677
64,/Volumes/SmithL0/2026/BIOL470/Final/Learning_Rig/bee_0408_3/rev/cam1_2026-04-08_18-38-58.mp4,1025.0,2134.0,813,1776,1237,2492,0.8358127
65,/Volumes/SmithL0/2026/BIOL470/Final/Learning_Rig/bee_0408_3/rev/cam1_2026-04-08_18-38-58.mp4,1030.5,2129.5,821,1779,1240,2480,0.83756757
66,/Volumes/SmithL0/2026/BIOL470/Final/Learning_Rig/bee_0408_3/rev/cam1_2026-04-08_18-38-58.mp4,1026.5,2134.5,815,1776,1238,2493,0.8375669
67,/Volumes/SmithL0/2026/BIOL470/Final/Learning_Rig/bee_0408_3/rev/cam1_2026-04-08_18-38-58.mp4,1027.0,2134.5,818,1776,1236,2493,0.8399884
68,/Volumes/SmithL0/2026/BIOL470/Final/Learning_Rig/bee_0408_3/rev/cam1_2026-04-08_18-38-58.mp4,1028.5,2135.0,819,1776,1238,2494,0.8393555
69,/Volumes/SmithL0/2026/BIOL470/Final/Learning_Rig/bee_0408_3/rev/cam1_2026-04-08_18-38-58.mp4,1026.5,2135.5,817,1777,1236,2494,0.8369695
70,/Volumes/SmithL0/2026/BIOL470/Final/Learning_Rig/bee_0408_3/rev/cam1_2026-04-08_18-38-58.mp4,1026.5,2136.0,817,1779,1236,2493,0.8371723
71,/Volumes/SmithL0/2026/BIOL470/Final/Learning_Rig/bee_0408_3/rev/cam1_2026-04-08_18-38-58.mp4,1024.0,2136.0,814,1778,1234,2494,0.8361842
72,/Volumes/SmithL0/2026/BIOL470/Final/Learning_Rig/bee_0408_3/rev/cam1_2026-04-08_18-38-58.mp4,1026.0,2136.5,816,1779,1236,2494,0.83792317
73,/Volumes/SmithL0/2026/BIOL470/Final/Learning_Rig/bee_0408_3/rev/cam1_2026-04-08_18-38-58.mp4,1025.0,2135.5,813,1777,1237,2494,0.83791703
74,/Volumes/SmithL0/2026/BIOL470/Final/Learning_Rig/bee_0408_3/rev/cam1_2026-04-08_18-38-58.mp4,1023.5,2136.0,811,1778,1236,2494,0.836284
75,/Volumes/SmithL0/2026/BIOL470/Final/Learning_Rig/bee_0408_3/rev/cam1_2026-04-08_18-38-58.mp4,1024.5,2135.5,814,1777,1235,2494,0.8368768
76,/Volumes/SmithL0/2026/BIOL470/Final/Learning_Rig/bee_0408_3/rev/cam1_2026-04-08_18-38-58.mp4,1025.0,2135.5,814,1777,1236,2494,0.8370259
77,/Volumes/SmithL0/2026/BIOL470/Final/Learning_Rig/bee_0408_3/rev/cam1_2026-04-08_18-38-58.mp4,1024.5,2135.0,814,1777,1235,2493,0.83695143
78,/Volumes/SmithL0/2026/BIOL470/Final/Learning_Rig/bee_0408_3/rev/cam1_2026-04-08_18-38-58.mp4,1022.5,2134.5,810,1776,1235,2493,0.83558
79,/Volumes/SmithL0/2026/BIOL470/Final/Learning_Rig/bee_0408_3/rev/cam1_2026-04-08_18-38-58.mp4,1025.5,2134.5,816,1777,1235,2492,0.83729154
80,/Volumes/SmithL0/2026/BIOL470/Final/Learning_Rig/bee_0408_3/rev/cam1_2026-04-08_18-38-58.mp4,1024.5,2135.0,814,1777,1235,2493,0.83738184
81,/Volumes/SmithL0/2026/BIOL470/Final/Learning_Rig/bee_0408_3/rev/cam1_2026-04-08_18-38-58.mp4,1024.5,2135.0,813,1777,1236,2493,0.8368954
82,/Volumes/SmithL0/2026/BIOL470/Final/Learning_Rig/bee_0408_3/rev/cam1_2026-04-08_18-38-58.mp4,1025.5,2134.0,814,1776,1237,2492,0.8379251
83,/Volumes/SmithL0/2026/BIOL470/Final/Learning_Rig/bee_0408_3/rev/cam1_2026-04-08_18-38-58.mp4,1025.0,2134.0,814,1776,1236,2492,0.835402
84,/Volumes/SmithL0/2026/BIOL470/Final/Learning_Rig/bee_0408_3/rev/cam1_2026-04-08_18-38-58.mp4,1026.0,2135.0,817,1777,1235,2493,0.8371123
85,/Volumes/SmithL0/2026/BIOL470/Final/Learning_Rig/bee_0408_3/rev/cam1_2026-04-08_18-38-58.mp4,1024.0,2133.5,813,1775,1235,2492,0.83529276
86,/Volumes/SmithL0/2026/BIOL470/Final/Learning_Rig/bee_0408_3/rev/cam1_2026-04-08_18-38-58.mp4,1025.0,2134.0,813,1776,1237,2492,0.83609897
87,/Volumes/SmithL0/2026/BIOL470/Final/Learning_Rig/bee_0408_3/rev/cam1_2026-04-08_18-38-58.mp4,1025.0,2134.5,813,1776,1237,2493,0.8350902
88,/Volumes/SmithL0/2026/BIOL470/Final/Learning_Rig/bee_0408_3/rev/cam1_2026-04-08_18-38-58.mp4,1025.0,2135.5,814,1777,1236,2494,0.8359615
89,/Volumes/SmithL0/2026/BIOL470/Final/Learning_Rig/bee_0408_3/rev/cam1_2026-04-08_18-38-58.mp4,1025.5,2135.0,814,1777,1237,2493,0.8371321
90,/Volumes/SmithL0/2026/BIOL470/Final/Learning_Rig/bee_0408_3/rev/cam1_2026-04-08_18-38-58.mp4,1025.5,2135.5,814,1777,1237,2494,0.8364303
91,/Volumes/SmithL0/2026/BIOL470/Final/Learning_Rig/bee_0408_3/rev/cam1_2026-04-08_18-38-58.mp4,1027.5,2135.0,817,1777,1238,2493,0.83648735
92,/Volumes/SmithL0/2026/BIOL470/Final/Learning_Rig/bee_0408_3/rev/cam1_2026-04-08_18-38-58.mp4,1024.5,2133.5,813,1775,1236,2492,0.83636016
93,/Volumes/SmithL0/2026/BIOL470/Final/Learning_Rig/bee_0408_3/rev/cam1_2026-04-08_18-38-58.mp4,1027.5,2134.5,816,1776,1239,2493,0.83824646
94,/Volumes/SmithL0/2026/BIOL470/Final/Learning_Rig/bee_0408_3/rev/cam1_2026-04-08_18-38-58.mp4,1025.0,2135.0,814,1777,1236,2493,0.8364558
95,/Volumes/SmithL0/2026/BIOL470/Final/Learning_Rig/bee_0408_3/rev/cam1_2026-04-08_18-38-58.mp4,1025.5,2134.5,813,1776,1238,2493,0.8358066
96,/Volumes/SmithL0/2026/BIOL470/Final/Learning_Rig/bee_0408_3/rev/cam1_2026-04-08_18-38-58.mp4,1025.0,2135.0,815,1778,1235,2492,0.8353091
97,/Volumes/SmithL0/2026/BIOL470/Final/Learning_Rig/bee_0408_3/rev/cam1_2026-04-08_18-38-58.mp4,1026.0,2135.5,817,1777,1235,2494,0.836455
98,/Volumes/SmithL0/2026/BIOL470/Final/Learning_Rig/bee_0408_3/rev/cam1_2026-04-08_18-38-58.mp4,1025.5,2135.0,815,1777,1236,2493,0.836242
99,/Volumes/SmithL0/2026/BIOL470/Final/Learning_Rig/bee_0408_3/rev/cam1_2026-04-08_18-38-58.mp4,1026.5,2134.5,819,1776,1234,2493,0.83670926
100,/Volumes/SmithL0/2026/BIOL470/Final/Learning_Rig/bee_0408_3/rev/cam1_2026-04-08_18-38-58.mp4,1027.5,2134.5,818,1776,1237,2493,0.83638585
101,/Volumes/SmithL0/2026/BIOL470/Final/Learning_Rig/bee_0408_3/rev/cam1_2026-04-08_18-38-58.mp4,1026.5,2134.0,816,1775,1237,2493,0.8366604
102,/Volumes/SmithL0/2026/BIOL470/Final/Learning_Rig/bee_0408_3/rev/cam1_2026-04-08_18-38-58.mp4,1026.0,2134.5,815,1776,1237,2493,0.836305
103,/Volumes/SmithL0/2026/BIOL470/Final/Learning_Rig/bee_0408_3/rev/cam1_2026-04-08_18-38-58.mp4,1026.5,2134.5,816,1776,1237,2493,0.83703256
104,/Volumes/SmithL0/2026/BIOL470/Final/Learning_Rig/bee_0408_3/rev/cam1_2026-04-08_18-38-58.mp4,1025.5,2135.0,815,1777,1236,2493,0.83698434
105,/Volumes/SmithL0/2026/BIOL470/Final/Learning_Rig/bee_0408_3/rev/cam1_2026-04-08_18-38-58.mp4,1025.0,2134.5,813,1776,1237,2493,0.8363468
106,/Volumes/SmithL0/2026/BIOL470/Final/Learning_Rig/bee_0408_3/rev/cam1_2026-04-08_18-38-58.mp4,1024.5,2135.0,813,1776,1236,2494,0.83592534
107,/Volumes/SmithL0/2026/BIOL470/Final/Learning_Rig/bee_0408_3/rev/cam1_2026-04-08_18-38-58.mp4,1026.5,2135.5,816,1776,1237,2495,0.83832175
108,/Volumes/SmithL0/2026/BIOL470/Final/Learning_Rig/bee_0408_3/rev/cam1_2026-04-08_18-38-58.mp4,1024.5,2135.0,813,1775,1236,2495,0.83692485
109,/Volumes/SmithL0/2026/BIOL470/Final/Learning_Rig/bee_0408_3/rev/cam1_2026-04-08_18-38-58.mp4,1024.0,2134.5,812,1776,1236,2493,0.83459765
110,/Volumes/SmithL0/2026/BIOL470/Final/Learning_Rig/bee_0408_3/rev/cam1_2026-04-08_18-38-58.mp4,1024.5,2134.0,814,1776,1235,2492,0.8351553
111,/Volumes/SmithL0/2026/BIOL470/Final/Learning_Rig/bee_0408_3/rev/cam1_2026-04-08_18-38-58.mp4,1023.5,2134.5,812,1776,1235,2493,0.835291
112,/Volumes/SmithL0/2026/BIOL470/Final/Learning_Rig/bee_0408_3/rev/cam1_2026-04-08_18-38-58.mp4,1024.5,2134.5,813,1776,1236,2493,0.8358815
113,/Volumes/SmithL0/2026/BIOL470/Final/Learning_Rig/bee_0408_3/rev/cam1_2026-04-08_18-38-58.mp4,1026.0,2134.5,815,1777,1237,2492,0.8352996
114,/Volumes/SmithL0/2026/BIOL470/Final/Learning_Rig/bee_0408_3/rev/cam1_2026-04-08_18-38-58.mp4,1026.0,2135.0,816,1777,1236,2493,0.83579725
115,/Volumes/SmithL0/2026/BIOL470/Final/Learning_Rig/bee_0408_3/rev/cam1_2026-04-08_18-38-58.mp4,1026.5,2136.0,817,1777,1236,2495,0.8370802
116,/Volumes/SmithL0/2026/BIOL470/Final/Learning_Rig/bee_0408_3/rev/cam1_2026-04-08_18-38-58.mp4,1027.5,2135.5,817,1778,1238,2493,0.83803344
117,/Volumes/SmithL0/2026/BIOL470/Final/Learning_Rig/bee_0408_3/rev/cam1_2026-04-08_18-38-58.mp4,1026.5,2135.0,815,1776,1238,2494,0.83711076
118,/Volumes/SmithL0/2026/BIOL470/Final/Learning_Rig/bee_0408_3/rev/cam1_2026-04-08_18-38-58.mp4,1026.5,2134.5,815,1776,1238,2493,0.8359418
119,/Volumes/SmithL0/2026/BIOL470/Final/Learning_Rig/bee_0408_3/rev/cam1_2026-04-08_18-38-58.mp4,1026.5,2135.0,816,1777,1237,2493,0.83742076
120,/Volumes/SmithL0/2026/BIOL470/Final/Learning_Rig/bee_0408_3/rev/cam1_2026-04-08_18-38-58.mp4,1025.0,2134.5,814,1776,1236,2493,0.83674026
121,/Volumes/SmithL0/2026/BIOL470/Final/Learning_Rig/bee_0408_3/rev/cam1_2026-04-08_18-38-58.mp4,1025.5,2135.0,815,1777,1236,2493,0.83676755
122,/Volumes/SmithL0/2026/BIOL470/Final/Learning_Rig/bee_0408_3/rev/cam1_2026-04-08_18-38-58.mp4,1025.5,2134.5,815,1777,1236,2492,0.8355011
123,/Volumes/SmithL0/2026/BIOL470/Final/Learning_Rig/bee_0408_3/rev/cam1_2026-04-08_18-38-58.mp4,1027.5,2135.0,818,1777,1237,2493,0.8365798
124,/Volumes/SmithL0/2026/BIOL470/Final/Learning_Rig/bee_0408_3/rev/cam1_2026-04-08_18-38-58.mp4,1027.0,2134.0,817,1776,1237,2492,0.8342508
125,/Volumes/SmithL0/2026/BIOL470/Final/Learning_Rig/bee_0408_3/rev/cam1_2026-04-08_18-38-58.mp4,1026.5,2136.0,815,1777,1238,2495,0.8368602
126,/Volumes/SmithL0/2026/BIOL470/Final/Learning_Rig/bee_0408_3/rev/cam1_2026-04-08_18-38-58.mp4,1026.5,2136.0,816,1777,1237,2495,0.8378342
127,/Volumes/SmithL0/2026/BIOL470/Final/Learning_Rig/bee_0408_3/rev/cam1_2026-04-08_18-38-58.mp4,1026.0,2135.0,814,1776,1238,2494,0.83676636
128,/Volumes/SmithL0/2026/BIOL470/Final/Learning_Rig/bee_0408_3/rev/cam1_2026-04-08_18-38-58.mp4,1024.5,2134.0,812,1775,1237,2493,0.8363497
129,/Volumes/SmithL0/2026/BIOL470/Final/Learning_Rig/bee_0408_3/rev/cam1_2026-04-08_18-38-58.mp4,1025.0,2134.0,814,1776,1236,2492,0.8359787
130,/Volumes/SmithL0/2026/BIOL470/Final/Learning_Rig/bee_0408_3/rev/cam1_2026-04-08_18-38-58.mp4,1026.0,2134.5,816,1776,1236,2493,0.8376812
131,/Volumes/SmithL0/2026/BIOL470/Final/Learning_Rig/bee_0408_3/rev/cam1_2026-04-08_18-38-58.mp4,1027.5,2134.5,816,1776,1239,2493,0.83930975
132,/Volumes/SmithL0/2026/BIOL470/Final/Learning_Rig/bee_0408_3/rev/cam1_2026-04-08_18-38-58.mp4,1025.5,2134.0,814,1776,1237,2492,0.8352646
133,/Volumes/SmithL0/2026/BIOL470/Final/Learning_Rig/bee_0408_3/rev/cam1_2026-04-08_18-38-58.mp4,1024.0,2134.0,812,1776,1236,2492,0.836433
134,/Volumes/SmithL0/2026/BIOL470/Final/Learning_Rig/bee_0408_3/rev/cam1_2026-04-08_18-38-58.mp4,1025.5,2135.5,814,1777,1237,2494,0.83790827
135,/Volumes/SmithL0/2026/BIOL470/Final/Learning_Rig/bee_0408_3/rev/cam1_2026-04-08_18-38-58.mp4,1024.5,2135.0,814,1776,1235,2494,0.83655334
136,/Volumes/SmithL0/2026/BIOL470/Final/Learning_Rig/bee_0408_3/rev/cam1_2026-04-08_18-38-58.mp4,1024.5,2134.0,813,1775,1236,2493,0.8362464
137,/Volumes/SmithL0/2026/BIOL470/Final/Learning_Rig/bee_0408_3/rev/cam1_2026-04-08_18-38-58.mp4,1022.5,2134.5,810,1776,1235,2493,0.8346472
138,/Volumes/SmithL0/2026/BIOL470/Final/Learning_Rig/bee_0408_3/rev/cam1_2026-04-08_18-38-58.mp4,1024.0,2134.5,813,1775,1235,2494,0.836354
139,/Volumes/SmithL0/2026/BIOL470/Final/Learning_Rig/bee_0408_3/rev/cam1_2026-04-08_18-38-58.mp4,1025.0,2135.5,813,1776,1237,2495,0.83662343
140,/Volumes/SmithL0/2026/BIOL470/Final/Learning_Rig/bee_0408_3/rev/cam1_2026-04-08_18-38-58.mp4,1024.5,2134.5,812,1776,1237,2493,0.83530784
141,/Volumes/SmithL0/2026/BIOL470/Final/Learning_Rig/bee_0408_3/rev/cam1_2026-04-08_18-38-58.mp4,1024.5,2134.0,812,1776,1237,2492,0.8351321
142,/Volumes/SmithL0/2026/BIOL470/Final/Learning_Rig/bee_0408_3/rev/cam1_2026-04-08_18-38-58.mp4,1024.5,2134.0,812,1776,1237,2492,0.8348508
143,/Volumes/SmithL0/2026/BIOL470/Final/Learning_Rig/bee_0408_3/rev/cam1_2026-04-08_18-38-58.mp4,1025.0,2134.5,814,1776,1236,2493,0.83671504
144,/Volumes/SmithL0/2026/BIOL470/Final/Learning_Rig/bee_0408_3/rev/cam1_2026-04-08_18-38-58.mp4,1024.0,2134.5,811,1775,1237,2494,0.836106
145,/Volumes/SmithL0/2026/BIOL470/Final/Learning_Rig/bee_0408_3/rev/cam1_2026-04-08_18-38-58.mp4,1024.0,2135.0,813,1776,1235,2494,0.8360193
146,/Volumes/SmithL0/2026/BIOL470/Final/Learning_Rig/bee_0408_3/rev/cam1_2026-04-08_18-38-58.mp4,1025.5,2134.5,815,1775,1236,2494,0.83685863
147,/Volumes/SmithL0/2026/BIOL470/Final/Learning_Rig/bee_0408_3/rev/cam1_2026-04-08_18-38-58.mp4,1025.5,2135.0,814,1775,1237,2495,0.8370856
148,/Volumes/SmithL0/2026/BIOL470/Final/Learning_Rig/bee_0408_3/rev/cam1_2026-04-08_18-38-58.mp4,1025.0,2134.5,814,1775,1236,2494,0.83652717
149,/Volumes/SmithL0/2026/BIOL470/Final/Learning_Rig/bee_0408_3/rev/cam1_2026-04-08_18-38-58.mp4,1023.5,2134.0,813,1775,1234,2493,0.835314
150,/Volumes/SmithL0/2026/BIOL470/Final/Learning_Rig/bee_0408_3/rev/cam1_2026-04-08_18-38-58.mp4,1025.0,2134.5,815,1775,1235,2494,0.8376986
151,/Volumes/SmithL0/2026/BIOL470/Final/Learning_Rig/bee_0408_3/rev/cam1_2026-04-08_18-38-58.mp4,1025.5,2134.0,814,1775,1237,2493,0.8362579
152,/Volumes/SmithL0/2026/BIOL470/Final/Learning_Rig/bee_0408_3/rev/cam1_2026-04-08_18-38-58.mp4,1024.5,2134.0,813,1775,1236,2493,0.83618367
153,/Volumes/SmithL0/2026/BIOL470/Final/Learning_Rig/bee_0408_3/rev/cam1_2026-04-08_18-38-58.mp4,1024.0,2134.0,812,1775,1236,2493,0.83424354
154,/Volumes/SmithL0/2026/BIOL470/Final/Learning_Rig/bee_0408_3/rev/cam1_2026-04-08_18-38-58.mp4,1024.0,2134.0,813,1775,1235,2493,0.836623
155,/Volumes/SmithL0/2026/BIOL470/Final/Learning_Rig/bee_0408_3/rev/cam1_2026-04-08_18-38-58.mp4,1025.0,2134.5,814,1776,1236,2493,0.8357985
156,/Volumes/SmithL0/2026/BIOL470/Final/Learning_Rig/bee_0408_3/rev/cam1_2026-04-08_18-38-58.mp4,1024.0,2134.5,813,1776,1235,2493,0.83539385
157,/Volumes/SmithL0/2026/BIOL470/Final/Learning_Rig/bee_0408_3/rev/cam1_2026-04-08_18-38-58.mp4,1024.0,2134.5,813,1776,1235,2493,0.8358886
158,/Volumes/SmithL0/2026/BIOL470/Final/Learning_Rig/bee_0408_3/rev/cam1_2026-04-08_18-38-58.mp4,1024.5,2134.0,813,1775,1236,2493,0.83680636
159,/Volumes/SmithL0/2026/BIOL470/Final/Learning_Rig/bee_0408_3/rev/cam1_2026-04-08_18-38-58.mp4,1024.5,2134.5,814,1775,1235,2494,0.83801097
160,/Volumes/SmithL0/2026/BIOL470/Final/Learning_Rig/bee_0408_3/rev/cam1_2026-04-08_18-38-58.mp4,1025.0,2134.5,813,1776,1237,2493,0.8372018
161,/Volumes/SmithL0/2026/BIOL470/Final/Learning_Rig/bee_0408_3/rev/cam1_2026-04-08_18-38-58.mp4,1024.5,2135.5,814,1777,1235,2494,0.8355764
162,/Volumes/SmithL0/2026/BIOL470/Final/Learning_Rig/bee_0408_3/rev/cam1_2026-04-08_18-38-58.mp4,1024.5,2135.5,815,1777,1234,2494,0.8365498
163,/Volumes/SmithL0/2026/BIOL470/Final/Learning_Rig/bee_0408_3/rev/cam1_2026-04-08_18-38-58.mp4,1023.5,2135.0,813,1776,1234,2494,0.8359712
164,/Volumes/SmithL0/2026/BIOL470/Final/Learning_Rig/bee_0408_3/rev/cam1_2026-04-08_18-38-58.mp4,1024.5,2135.0,815,1776,1234,2494,0.8368612
165,/Volumes/SmithL0/2026/BIOL470/Final/Learning_Rig/bee_0408_3/rev/cam1_2026-04-08_18-38-58.mp4,1025.5,2135.5,816,1777,1235,2494,0.83696467
166,/Volumes/SmithL0/2026/BIOL470/Final/Learning_Rig/bee_0408_3/rev/cam1_2026-04-08_18-38-58.mp4,1024.0,2135.5,813,1776,1235,2495,0.83626354
167,/Volumes/SmithL0/2026/BIOL470/Final/Learning_Rig/bee_0408_3/rev/cam1_2026-04-08_18-38-58.mp4,1024.0,2134.5,814,1775,1234,2494,0.8360189
168,/Volumes/SmithL0/2026/BIOL470/Final/Learning_Rig/bee_0408_3/rev/cam1_2026-04-08_18-38-58.mp4,1022.5,2135.0,810,1776,1235,2494,0.8347954
169,/Volumes/SmithL0/2026/BIOL470/Final/Learning_Rig/bee_0408_3/rev/cam1_2026-04-08_18-38-58.mp4,1025.0,2135.0,814,1776,1236,2494,0.83423436
170,/Volumes/SmithL0/2026/BIOL470/Final/Learning_Rig/bee_0408_3/rev/cam1_2026-04-08_18-38-58.mp4,1025.5,2135.5,814,1776,1237,2495,0.8368622
171,/Volumes/SmithL0/2026/BIOL470/Final/Learning_Rig/bee_0408_3/rev/cam1_2026-04-08_18-38-58.mp4,1024.5,2136.0,814,1777,1235,2495,0.83708817
172,/Volumes/SmithL0/2026/BIOL470/Final/Learning_Rig/bee_0408_3/rev/cam1_2026-04-08_18-38-58.mp4,1024.5,2135.0,814,1776,1235,2494,0.83661515
173,/Volumes/SmithL0/2026/BIOL470/Final/Learning_Rig/bee_0408_3/rev/cam1_2026-04-08_18-38-58.mp4,1022.0,2135.5,811,1777,1233,2494,0.8363766
174,/Volumes/SmithL0/2026/BIOL470/Final/Learning_Rig/bee_0408_3/rev/cam1_2026-04-08_18-38-58.mp4,1024.5,2135.0,814,1776,1235,2494,0.83756465
175,/Volumes/SmithL0/2026/BIOL470/Final/Learning_Rig/bee_0408_3/rev/cam1_2026-04-08_18-38-58.mp4,1023.5,2136.5,814,1777,1233,2496,0.8369603
176,/Volumes/SmithL0/2026/BIOL470/Final/Learning_Rig/bee_0408_3/rev/cam1_2026-04-08_18-38-58.mp4,1025.5,2138.0,815,1777,1236,2499,0.83795613
177,/Volumes/SmithL0/2026/BIOL470/Final/Learning_Rig/bee_0408_3/rev/cam1_2026-04-08_18-38-58.mp4,1024.0,2136.5,812,1776,1236,2497,0.8366592
178,/Volumes/SmithL0/2026/BIOL470/Final/Learning_Rig/bee_0408_3/rev/cam1_2026-04-08_18-38-58.mp4,1024.5,2136.5,813,1778,1236,2495,0.83726037
179,/Volumes/SmithL0/2026/BIOL470/Final/Learning_Rig/bee_0408_3/rev/cam1_2026-04-08_18-38-58.mp4,1023.5,2136.0,813,1777,1234,2495,0.8371285
180,/Volumes/SmithL0/2026/BIOL470/Final/Learning_Rig/bee_0408_3/rev/cam1_2026-04-08_18-38-58.mp4,1023.0,2135.0,813,1776,1233,2494,0.83640325
181,/Volumes/SmithL0/2026/BIOL470/Final/Learning_Rig/bee_0408_3/rev/cam1_2026-04-08_18-38-58.mp4,1025.0,2135.0,815,1776,1235,2494,0.83836967
182,/Volumes/SmithL0/2026/BIOL470/Final/Learning_Rig/bee_0408_3/rev/cam1_2026-04-08_18-38-58.mp4,1025.0,2135.0,814,1776,1236,2494,0.83762646
183,/Volumes/SmithL0/2026/BIOL470/Final/Learning_Rig/bee_0408_3/rev/cam1_2026-04-08_18-38-58.mp4,1024.0,2134.5,814,1776,1234,2493,0.83649117
184,/Volumes/SmithL0/2026/BIOL470/Final/Learning_Rig/bee_0408_3/rev/cam1_2026-04-08_18-38-58.mp4,1023.0,2135.0,813,1776,1233,2494,0.8368822
185,/Volumes/SmithL0/2026/BIOL470/Final/Learning_Rig/bee_0408_3/rev/cam1_2026-04-08_18-38-58.mp4,1026.0,2135.5,816,1776,1236,2495,0.838811
186,/Volumes/SmithL0/2026/BIOL470/Final/Learning_Rig/bee_0408_3/rev/cam1_2026-04-08_18-38-58.mp4,1025.5,2136.5,814,1777,1237,2496,0.83781815
187,/Volumes/SmithL0/2026/BIOL470/Final/Learning_Rig/bee_0408_3/rev/cam1_2026-04-08_18-38-58.mp4,1026.0,2135.0,816,1776,1236,2494,0.83990836
188,/Volumes/SmithL0/2026/BIOL470/Final/Learning_Rig/bee_0408_3/rev/cam1_2026-04-08_18-38-58.mp4,1027.0,2136.5,817,1777,1237,2496,0.84040356
189,/Volumes/SmithL0/2026/BIOL470/Final/Learning_Rig/bee_0408_3/rev/cam1_2026-04-08_18-38-58.mp4,1025.0,2135.0,815,1776,1235,2494,0.83786666
190,/Volumes/SmithL0/2026/BIOL470/Final/Learning_Rig/bee_0408_3/rev/cam1_2026-04-08_18-38-58.mp4,1023.5,2136.0,812,1777,1235,2495,0.8364625
191,/Volumes/SmithL0/2026/BIOL470/Final/Learning_Rig/bee_0408_3/rev/cam1_2026-04-08_18-38-58.mp4,1024.5,2134.5,813,1776,1236,2493,0.8350041
192,/Volumes/SmithL0/2026/BIOL470/Final/Learning_Rig/bee_0408_3/rev/cam1_2026-04-08_18-38-58.mp4,1024.0,2135.0,813,1777,1235,2493,0.83678526
193,/Volumes/SmithL0/2026/BIOL470/Final/Learning_Rig/bee_0408_3/rev/cam1_2026-04-08_18-38-58.mp4,1024.0,2135.5,813,1777,1235,2494,0.83679044
194,/Volumes/SmithL0/2026/BIOL470/Final/Learning_Rig/bee_0408_3/rev/cam1_2026-04-08_18-38-58.mp4,1023.0,2135.5,812,1777,1234,2494,0.83559453
195,/Volumes/SmithL0/2026/BIOL470/Final/Learning_Rig/bee_0408_3/rev/cam1_2026-04-08_18-38-58.mp4,1023.5,2135.0,813,1777,1234,2493,0.8344187
196,/Volumes/SmithL0/2026/BIOL470/Final/Learning_Rig/bee_0408_3/rev/cam1_2026-04-08_18-38-58.mp4,1023.5,2134.5,814,1776,1233,2493,0.83463925
197,/Volumes/SmithL0/2026/BIOL470/Final/Learning_Rig/bee_0408_3/rev/cam1_2026-04-08_18-38-58.mp4,1024.5,2134.5,815,1776,1234,2493,0.83664656
198,/Volumes/SmithL0/2026/BIOL470/Final/Learning_Rig/bee_0408_3/rev/cam1_2026-04-08_18-38-58.mp4,1023.0,2133.5,813,1775,1233,2492,0.8350386
199,/Volumes/SmithL0/2026/BIOL470/Final/Learning_Rig/bee_0408_3/rev/cam1_2026-04-08_18-38-58.mp4,1023.5,2134.5,812,1776,1235,2493,0.83522725
200,/Volumes/SmithL0/2026/BIOL470/Final/Learning_Rig/bee_0408_3/rev/cam1_2026-04-08_18-38-58.mp4,1023.0,2135.0,811,1776,1235,2494,0.8359305
201,/Volumes/SmithL0/2026/BIOL470/Final/Learning_Rig/bee_0408_3/rev/cam1_2026-04-08_18-38-58.mp4,1022.0,2134.5,810,1776,1234,2493,0.83505243
202,/Volumes/SmithL0/2026/BIOL470/Final/Learning_Rig/bee_0408_3/rev/cam1_2026-04-08_18-38-58.mp4,1022.0,2134.5,809,1776,1235,2493,0.83551705
203,/Volumes/SmithL0/2026/BIOL470/Final/Learning_Rig/bee_0408_3/rev/cam1_2026-04-08_18-38-58.mp4,1023.5,2135.0,811,1777,1236,2493,0.8363615
204,/Volumes/SmithL0/2026/BIOL470/Final/Learning_Rig/bee_0408_3/rev/cam1_2026-04-08_18-38-58.mp4,1024.0,2134.5,812,1776,1236,2493,0.8366293
205,/Volumes/SmithL0/2026/BIOL470/Final/Learning_Rig/bee_0408_3/rev/cam1_2026-04-08_18-38-58.mp4,1025.5,2136.0,814,1777,1237,2495,0.8358283
206,/Volumes/SmithL0/2026/BIOL470/Final/Learning_Rig/bee_0408_3/rev/cam1_2026-04-08_18-38-58.mp4,1026.0,2135.0,815,1776,1237,2494,0.83656317
207,/Volumes/SmithL0/2026/BIOL470/Final/Learning_Rig/bee_0408_3/rev/cam1_2026-04-08_18-38-58.mp4,1024.5,2135.0,813,1776,1236,2494,0.83718115
208,/Volumes/SmithL0/2026/BIOL470/Final/Learning_Rig/bee_0408_3/rev/cam1_2026-04-08_18-38-58.mp4,1024.5,2135.0,814,1776,1235,2494,0.8372595
209,/Volumes/SmithL0/2026/BIOL470/Final/Learning_Rig/bee_0408_3/rev/cam1_2026-04-08_18-38-58.mp4,1023.0,2134.0,810,1775,1236,2493,0.83543515
210,/Volumes/SmithL0/2026/BIOL470/Final/Learning_Rig/bee_0408_3/rev/cam1_2026-04-08_18-38-58.mp4,1024.0,2136.0,813,1776,1235,2496,0.8371631
211,/Volumes/SmithL0/2026/BIOL470/Final/Learning_Rig/bee_0408_3/rev/cam1_2026-04-08_18-38-58.mp4,1025.0,2135.5,815,1777,1235,2494,0.8371029
212,/Volumes/SmithL0/2026/BIOL470/Final/Learning_Rig/bee_0408_3/rev/cam1_2026-04-08_18-38-58.mp4,1025.5,2136.0,815,1777,1236,2495,0.8366416
213,/Volumes/SmithL0/2026/BIOL470/Final/Learning_Rig/bee_0408_3/rev/cam1_2026-04-08_18-38-58.mp4,1025.0,2135.0,815,1777,1235,2493,0.8348841
214,/Volumes/SmithL0/2026/BIOL470/Final/Learning_Rig/bee_0408_3/rev/cam1_2026-04-08_18-38-58.mp4,1024.0,2134.5,813,1776,1235,2493,0.8339718
215,/Volumes/SmithL0/2026/BIOL470/Final/Learning_Rig/bee_0408_3/rev/cam1_2026-04-08_18-38-58.mp4,1024.5,2134.5,814,1776,1235,2493,0.8337302
216,/Volumes/SmithL0/2026/BIOL470/Final/Learning_Rig/bee_0408_3/rev/cam1_2026-04-08_18-38-58.mp4,1026.5,2135.0,816,1776,1237,2494,0.8372446
217,/Volumes/SmithL0/2026/BIOL470/Final/Learning_Rig/bee_0408_3/rev/cam1_2026-04-08_18-38-58.mp4,1026.5,2134.5,816,1776,1237,2493,0.83671063
218,/Volumes/SmithL0/2026/BIOL470/Final/Learning_Rig/bee_0408_3/rev/cam1_2026-04-08_18-38-58.mp4,1026.0,2134.5,815,1776,1237,2493,0.8356879
219,/Volumes/SmithL0/2026/BIOL470/Final/Learning_Rig/bee_0408_3/rev/cam1_2026-04-08_18-38-58.mp4,1026.5,2135.5,816,1776,1237,2495,0.8367297
220,/Volumes/SmithL0/2026/BIOL470/Final/Learning_Rig/bee_0408_3/rev/cam1_2026-04-08_18-38-58.mp4,1026.0,2136.5,816,1777,1236,2496,0.8357798
221,/Volumes/SmithL0/2026/BIOL470/Final/Learning_Rig/bee_0408_3/rev/cam1_2026-04-08_18-38-58.mp4,1024.0,2135.5,813,1777,1235,2494,0.8335053
222,/Volumes/SmithL0/2026/BIOL470/Final/Learning_Rig/bee_0408_3/rev/cam1_2026-04-08_18-38-58.mp4,1024.0,2135.0,813,1777,1235,2493,0.83570474
223,/Volumes/SmithL0/2026/BIOL470/Final/Learning_Rig/bee_0408_3/rev/cam1_2026-04-08_18-38-58.mp4,1022.5,2134.5,810,1776,1235,2493,0.8341589
224,/Volumes/SmithL0/2026/BIOL470/Final/Learning_Rig/bee_0408_3/rev/cam1_2026-04-08_18-38-58.mp4,1022.0,2135.0,811,1776,1233,2494,0.83524185
225,/Volumes/SmithL0/2026/BIOL470/Final/Learning_Rig/bee_0408_3/rev/cam1_2026-04-08_18-38-58.mp4,1022.5,2134.0,811,1775,1234,2493,0.83476293
226,/Volumes/SmithL0/2026/BIOL470/Final/Learning_Rig/bee_0408_3/rev/cam1_2026-04-08_18-38-58.mp4,1023.0,2135.0,811,1776,1235,2494,0.8346985
227,/Volumes/SmithL0/2026/BIOL470/Final/Learning_Rig/bee_0408_3/rev/cam1_2026-04-08_18-38-58.mp4,1024.5,2135.5,815,1777,1234,2494,0.8373558
228,/Volumes/SmithL0/2026/BIOL470/Final/Learning_Rig/bee_0408_3/rev/cam1_2026-04-08_18-38-58.mp4,1026.0,2135.0,816,1776,1236,2494,0.839165
229,/Volumes/SmithL0/2026/BIOL470/Final/Learning_Rig/bee_0408_3/rev/cam1_2026-04-08_18-38-58.mp4,1025.0,2135.5,815,1776,1235,2495,0.83763283
230,/Volumes/SmithL0/2026/BIOL470/Final/Learning_Rig/bee_0408_3/rev/cam1_2026-04-08_18-38-58.mp4,1025.0,2135.5,814,1777,1236,2494,0.83706385
231,/Volumes/SmithL0/2026/BIOL470/Final/Learning_Rig/bee_0408_3/rev/cam1_2026-04-08_18-38-58.mp4,1026.0,2134.5,816,1776,1236,2493,0.8384991
232,/Volumes/SmithL0/2026/BIOL470/Final/Learning_Rig/bee_0408_3/rev/cam1_2026-04-08_18-38-58.mp4,1024.5,2134.5,813,1776,1236,2493,0.83674085
233,/Volumes/SmithL0/2026/BIOL470/Final/Learning_Rig/bee_0408_3/rev/cam1_2026-04-08_18-38-58.mp4,1026.0,2134.0,816,1776,1236,2492,0.83664703
234,/Volumes/SmithL0/2026/BIOL470/Final/Learning_Rig/bee_0408_3/rev/cam1_2026-04-08_18-38-58.mp4,1024.0,2134.5,813,1776,1235,2493,0.83519137
235,/Volumes/SmithL0/2026/BIOL470/Final/Learning_Rig/bee_0408_3/rev/cam1_2026-04-08_18-38-58.mp4,1023.5,2134.5,810,1776,1237,2493,0.83616215
236,/Volumes/SmithL0/2026/BIOL470/Final/Learning_Rig/bee_0408_3/rev/cam1_2026-04-08_18-38-58.mp4,1025.5,2134.0,813,1775,1238,2493,0.83818096
237,/Volumes/SmithL0/2026/BIOL470/Final/Learning_Rig/bee_0408_3/rev/cam1_2026-04-08_18-38-58.mp4,1024.0,2134.5,813,1776,1235,2493,0.8376059
238,/Volumes/SmithL0/2026/BIOL470/Final/Learning_Rig/bee_0408_3/rev/cam1_2026-04-08_18-38-58.mp4,1024.0,2134.5,814,1776,1234,2493,0.836086
239,/Volumes/SmithL0/2026/BIOL470/Final/Learning_Rig/bee_0408_3/rev/cam1_2026-04-08_18-38-58.mp4,1024.0,2134.5,813,1776,1235,2493,0.83694994
240,/Volumes/SmithL0/2026/BIOL470/Final/Learning_Rig/bee_0408_3/rev/cam1_2026-04-08_18-38-58.mp4,1025.5,2134.0,814,1775,1237,2493,0.8392099
241,/Volumes/SmithL0/2026/BIOL470/Final/Learning_Rig/bee_0408_3/rev/cam1_2026-04-08_18-38-58.mp4,1026.0,2134.5,816,1776,1236,2493,0.8370525
242,/Volumes/SmithL0/2026/BIOL470/Final/Learning_Rig/bee_0408_3/rev/cam1_2026-04-08_18-38-58.mp4,1025.5,2134.5,814,1776,1237,2493,0.8374365
243,/Volumes/SmithL0/2026/BIOL470/Final/Learning_Rig/bee_0408_3/rev/cam1_2026-04-08_18-38-58.mp4,1025.5,2135.0,816,1776,1235,2494,0.8356425
244,/Volumes/SmithL0/2026/BIOL470/Final/Learning_Rig/bee_0408_3/rev/cam1_2026-04-08_18-38-58.mp4,1026.0,2134.5,815,1776,1237,2493,0.8346634
245,/Volumes/SmithL0/2026/BIOL470/Final/Learning_Rig/bee_0408_3/rev/cam1_2026-04-08_18-38-58.mp4,1027.0,2134.0,817,1775,1237,2493,0.8376253
246,/Volumes/SmithL0/2026/BIOL470/Final/Learning_Rig/bee_0408_3/rev/cam1_2026-04-08_18-38-58.mp4,1026.0,2134.5,816,1775,1236,2494,0.83595186
247,/Volumes/SmithL0/2026/BIOL470/Final/Learning_Rig/bee_0408_3/rev/cam1_2026-04-08_18-38-58.mp4,1025.0,2135.0,816,1776,1234,2494,0.83739626
248,/Volumes/SmithL0/2026/BIOL470/Final/Learning_Rig/bee_0408_3/rev/cam1_2026-04-08_18-38-58.mp4,1024.5,2135.0,816,1776,1233,2494,0.83855975
249,/Volumes/SmithL0/2026/BIOL470/Final/Learning_Rig/bee_0408_3/rev/cam1_2026-04-08_18-38-58.mp4,1024.5,2135.0,816,1776,1233,2494,0.838768
250,/Volumes/SmithL0/2026/BIOL470/Final/Learning_Rig/bee_0408_3/rev/cam1_2026-04-08_18-38-58.mp4,1025.5,2135.5,816,1777,1235,2494,0.83957577
251,/Volumes/SmithL0/2026/BIOL470/Final/Learning_Rig/bee_0408_3/rev/cam1_2026-04-08_18-38-58.mp4,1024.5,2135.0,814,1776,1235,2494,0.8379818
252,/Volumes/SmithL0/2026/BIOL470/Final/Learning_Rig/bee_0408_3/rev/cam1_2026-04-08_18-38-58.mp4,1023.5,2135.5,812,1777,1235,2494,0.8380002
253,/Volumes/SmithL0/2026/BIOL470/Final/Learning_Rig/bee_0408_3/rev/cam1_2026-04-08_18-38-58.mp4,1023.0,2135.5,812,1777,1234,2494,0.8356077
254,/Volumes/SmithL0/2026/BIOL470/Final/Learning_Rig/bee_0408_3/rev/cam1_2026-04-08_18-38-58.mp4,1022.0,2135.0,810,1777,1234,2493,0.8344378
255,/Volumes/SmithL0/2026/BIOL470/Final/Learning_Rig/bee_0408_3/rev/cam1_2026-04-08_18-38-58.mp4,1022.5,2135.0,813,1777,1232,2493,0.8355764
256,/Volumes/SmithL0/2026/BIOL470/Final/Learning_Rig/bee_0408_3/rev/cam1_2026-04-08_18-38-58.mp4,1024.5,2135.0,815,1777,1234,2493,0.83788735
257,/Volumes/SmithL0/2026/BIOL470/Final/Learning_Rig/bee_0408_3/rev/cam1_2026-04-08_18-38-58.mp4,1023.5,2136.0,812,1777,1235,2495,0.8377835
258,/Volumes/SmithL0/2026/BIOL470/Final/Learning_Rig/bee_0408_3/rev/cam1_2026-04-08_18-38-58.mp4,1023.5,2136.0,812,1777,1235,2495,0.83881015
259,/Volumes/SmithL0/2026/BIOL470/Final/Learning_Rig/bee_0408_3/rev/cam1_2026-04-08_18-38-58.mp4,1026.5,2135.5,816,1777,1237,2494,0.8399747
260,/Volumes/SmithL0/2026/BIOL470/Final/Learning_Rig/bee_0408_3/rev/cam1_2026-04-08_18-38-58.mp4,1025.5,2135.5,815,1778,1236,2493,0.836618
261,/Volumes/SmithL0/2026/BIOL470/Final/Learning_Rig/bee_0408_3/rev/cam1_2026-04-08_18-38-58.mp4,1026.0,2135.0,815,1777,1237,2493,0.8373487
262,/Volumes/SmithL0/2026/BIOL470/Final/Learning_Rig/bee_0408_3/rev/cam1_2026-04-08_18-38-58.mp4,1025.0,2136.0,816,1777,1234,2495,0.8394623
263,/Volumes/SmithL0/2026/BIOL470/Final/Learning_Rig/bee_0408_3/rev/cam1_2026-04-08_18-38-58.mp4,1025.5,2135.5,817,1777,1234,2494,0.83805984
264,/Volumes/SmithL0/2026/BIOL470/Final/Learning_Rig/bee_0408_3/rev/cam1_2026-04-08_18-38-58.mp4,1025.5,2134.5,815,1777,1236,2492,0.8377066
265,/Volumes/SmithL0/2026/BIOL470/Final/Learning_Rig/bee_0408_3/rev/cam1_2026-04-08_18-38-58.mp4,1024.5,2135.0,814,1776,1235,2494,0.83795834
266,/Volumes/SmithL0/2026/BIOL470/Final/Learning_Rig/bee_0408_3/rev/cam1_2026-04-08_18-38-58.mp4,1023.0,2135.0,811,1777,1235,2493,0.8348177
267,/Volumes/SmithL0/2026/BIOL470/Final/Learning_Rig/bee_0408_3/rev/cam1_2026-04-08_18-38-58.mp4,1023.5,2135.5,812,1777,1235,2494,0.83570635
268,/Volumes/SmithL0/2026/BIOL470/Final/Learning_Rig/bee_0408_3/rev/cam1_2026-04-08_18-38-58.mp4,1025.5,2135.0,816,1777,1235,2493,0.83569837
269,/Volumes/SmithL0/2026/BIOL470/Final/Learning_Rig/bee_0408_3/rev/cam1_2026-04-08_18-38-58.mp4,1025.0,2135.0,814,1777,1236,2493,0.83639497
270,/Volumes/SmithL0/2026/BIOL470/Final/Learning_Rig/bee_0408_3/rev/cam1_2026-04-08_18-38-58.mp4,1025.0,2135.0,814,1777,1236,2493,0.8381789
271,/Volumes/SmithL0/2026/BIOL470/Final/Learning_Rig/bee_0408_3/rev/cam1_2026-04-08_18-38-58.mp4,1025.0,2135.0,814,1777,1236,2493,0.8348428
272,/Volumes/SmithL0/2026/BIOL470/Final/Learning_Rig/bee_0408_3/rev/cam1_2026-04-08_18-38-58.mp4,1024.5,2134.5,813,1777,1236,2492,0.8353903
273,/Volumes/SmithL0/2026/BIOL470/Final/Learning_Rig/bee_0408_3/rev/cam1_2026-04-08_18-38-58.mp4,1025.0,2134.5,815,1777,1235,2492,0.83545107
274,/Volumes/SmithL0/2026/BIOL470/Final/Learning_Rig/bee_0408_3/rev/cam1_2026-04-08_18-38-58.mp4,1025.0,2134.5,814,1776,1236,2493,0.83776516
275,/Volumes/SmithL0/2026/BIOL470/Final/Learning_Rig/bee_0408_3/rev/cam1_2026-04-08_18-38-58.mp4,1024.0,2135.0,813,1776,1235,2494,0.8372082
276,/Volumes/SmithL0/2026/BIOL470/Final/Learning_Rig/bee_0408_3/rev/cam1_2026-04-08_18-38-58.mp4,1023.5,2135.5,812,1777,1235,2494,0.8358272
277,/Volumes/SmithL0/2026/BIOL470/Final/Learning_Rig/bee_0408_3/rev/cam1_2026-04-08_18-38-58.mp4,1022.5,2135.5,811,1777,1234,2494,0.8341892
278,/Volumes/SmithL0/2026/BIOL470/Final/Learning_Rig/bee_0408_3/rev/cam1_2026-04-08_18-38-58.mp4,1024.5,2135.0,815,1777,1234,2493,0.83645993
279,/Volumes/SmithL0/2026/BIOL470/Final/Learning_Rig/bee_0408_3/rev/cam1_2026-04-08_18-38-58.mp4,1023.0,2135.0,813,1777,1233,2493,0.8341333
280,/Volumes/SmithL0/2026/BIOL470/Final/Learning_Rig/bee_0408_3/rev/cam1_2026-04-08_18-38-58.mp4,1023.0,2135.0,812,1777,1234,2493,0.83413094
281,/Volumes/SmithL0/2026/BIOL470/Final/Learning_Rig/bee_0408_3/rev/cam1_2026-04-08_18-38-58.mp4,1024.0,2135.0,812,1776,1236,2494,0.8369442
282,/Volumes/SmithL0/2026/BIOL470/Final/Learning_Rig/bee_0408_3/rev/cam1_2026-04-08_18-38-58.mp4,1024.0,2134.5,813,1776,1235,2493,0.8371088
283,/Volumes/SmithL0/2026/BIOL470/Final/Learning_Rig/bee_0408_3/rev/cam1_2026-04-08_18-38-58.mp4,1024.5,2135.0,815,1777,1234,2493,0.8378172
284,/Volumes/SmithL0/2026/BIOL470/Final/Learning_Rig/bee_0408_3/rev/cam1_2026-04-08_18-38-58.mp4,1026.0,2135.0,816,1777,1236,2493,0.8381212
285,/Volumes/SmithL0/2026/BIOL470/Final/Learning_Rig/bee_0408_3/rev/cam1_2026-04-08_18-38-58.mp4,1024.0,2135.0,813,1777,1235,2493,0.83529574
286,/Volumes/SmithL0/2026/BIOL470/Final/Learning_Rig/bee_0408_3/rev/cam1_2026-04-08_18-38-58.mp4,1022.0,2134.5,809,1776,1235,2493,0.833577
287,/Volumes/SmithL0/2026/BIOL470/Final/Learning_Rig/bee_0408_3/rev/cam1_2026-04-08_18-38-58.mp4,1022.5,2134.0,811,1776,1234,2492,0.83536756
288,/Volumes/SmithL0/2026/BIOL470/Final/Learning_Rig/bee_0408_3/rev/cam1_2026-04-08_18-38-58.mp4,1021.0,2134.5,809,1777,1233,2492,0.8335797
289,/Volumes/SmithL0/2026/BIOL470/Final/Learning_Rig/bee_0408_3/rev/cam1_2026-04-08_18-38-58.mp4,1022.0,2134.5,811,1777,1233,2492,0.83535284
290,/Volumes/SmithL0/2026/BIOL470/Final/Learning_Rig/bee_0408_3/rev/cam1_2026-04-08_18-38-58.mp4,1023.0,2135.0,812,1777,1234,2493,0.8365208
291,/Volumes/SmithL0/2026/BIOL470/Final/Learning_Rig/bee_0408_3/rev/cam1_2026-04-08_18-38-58.mp4,1024.0,2135.0,813,1777,1235,2493,0.8375893
292,/Volumes/SmithL0/2026/BIOL470/Final/Learning_Rig/bee_0408_3/rev/cam1_2026-04-08_18-38-58.mp4,1024.0,2135.0,814,1776,1234,2494,0.83758396
293,/Volumes/SmithL0/2026/BIOL470/Final/Learning_Rig/bee_0408_3/rev/cam1_2026-04-08_18-38-58.mp4,1023.5,2135.0,812,1776,1235,2494,0.8362346
294,/Volumes/SmithL0/2026/BIOL470/Final/Learning_Rig/bee_0408_3/rev/cam1_2026-04-08_18-38-58.mp4,1022.0,2135.0,810,1776,1234,2494,0.8357488
295,/Volumes/SmithL0/2026/BIOL470/Final/Learning_Rig/bee_0408_3/rev/cam1_2026-04-08_18-38-58.mp4,1023.5,2135.0,811,1776,1236,2494,0.8347173
296,/Volumes/SmithL0/2026/BIOL470/Final/Learning_Rig/bee_0408_3/rev/cam1_2026-04-08_18-38-58.mp4,1023.5,2134.5,813,1776,1234,2493,0.83600587
297,/Volumes/SmithL0/2026/BIOL470/Final/Learning_Rig/bee_0408_3/rev/cam1_2026-04-08_18-38-58.mp4,1025.5,2137.0,816,1778,1235,2496,0.8366496
298,/Volumes/SmithL0/2026/BIOL470/Final/Learning_Rig/bee_0408_3/rev/cam1_2026-04-08_18-38-58.mp4,1025.5,2136.0,816,1778,1235,2494,0.83573526
299,/Volumes/SmithL0/2026/BIOL470/Final/Learning_Rig/bee_0408_3/rev/cam1_2026-04-08_18-38-58.mp4,1025.5,2135.5,814,1777,1237,2494,0.83606476
300,/Volumes/SmithL0/2026/BIOL470/Final/Learning_Rig/bee_0408_3/rev/cam1_2026-04-08_18-38-58.mp4,1024.5,2135.0,814,1777,1235,2493,0.83445615
301,/Volumes/SmithL0/2026/BIOL470/Final/Learning_Rig/bee_0408_3/rev/cam1_2026-04-08_18-38-58.mp4,1023.5,2135.0,813,1777,1234,2493,0.83468837
302,/Volumes/SmithL0/2026/BIOL470/Final/Learning_Rig/bee_0408_3/rev/cam1_2026-04-08_18-38-58.mp4,1022.5,2135.0,811,1777,1234,2493,0.83437055
303,/Volumes/SmithL0/2026/BIOL470/Final/Learning_Rig/bee_0408_3/rev/cam1_2026-04-08_18-38-58.mp4,1023.0,2135.0,813,1777,1233,2493,0.8361874
304,/Volumes/SmithL0/2026/BIOL470/Final/Learning_Rig/bee_0408_3/rev/cam1_2026-04-08_18-38-58.mp4,1023.0,2134.0,813,1777,1233,2491,0.83443344
305,/Volumes/SmithL0/2026/BIOL470/Final/Learning_Rig/bee_0408_3/rev/cam1_2026-04-08_18-38-58.mp4,1023.0,2134.5,813,1777,1233,2492,0.83353245
306,/Volumes/SmithL0/2026/BIOL470/Final/Learning_Rig/bee_0408_3/rev/cam1_2026-04-08_18-38-58.mp4,1023.0,2134.5,812,1777,1234,2492,0.8341763
307,/Volumes/SmithL0/2026/BIOL470/Final/Learning_Rig/bee_0408_3/rev/cam1_2026-04-08_18-38-58.mp4,1023.0,2134.5,813,1776,1233,2493,0.8328628
308,/Volumes/SmithL0/2026/BIOL470/Final/Learning_Rig/bee_0408_3/rev/cam1_2026-04-08_18-38-58.mp4,1024.0,2134.0,813,1776,1235,2492,0.83504766
309,/Volumes/SmithL0/2026/BIOL470/Final/Learning_Rig/bee_0408_3/rev/cam1_2026-04-08_18-38-58.mp4,1024.0,2134.5,814,1776,1234,2493,0.83632755
310,/Volumes/SmithL0/2026/BIOL470/Final/Learning_Rig/bee_0408_3/rev/cam1_2026-04-08_18-38-58.mp4,1024.5,2134.5,815,1776,1234,2493,0.8365634
311,/Volumes/SmithL0/2026/BIOL470/Final/Learning_Rig/bee_0408_3/rev/cam1_2026-04-08_18-38-58.mp4,1027.0,2134.5,818,1776,1236,2493,0.83780074
312,/Volumes/SmithL0/2026/BIOL470/Final/Learning_Rig/bee_0408_3/rev/cam1_2026-04-08_18-38-58.mp4,1025.5,2136.0,816,1777,1235,2495,0.83836234
313,/Volumes/SmithL0/2026/BIOL470/Final/Learning_Rig/bee_0408_3/rev/cam1_2026-04-08_18-38-58.mp4,1024.5,2135.5,814,1777,1235,2494,0.83605534
314,/Volumes/SmithL0/2026/BIOL470/Final/Learning_Rig/bee_0408_3/rev/cam1_2026-04-08_18-38-58.mp4,1026.0,2135.0,815,1777,1237,2493,0.8370597
315,/Volumes/SmithL0/2026/BIOL470/Final/Learning_Rig/bee_0408_3/rev/cam1_2026-04-08_18-38-58.mp4,1024.0,2134.0,813,1776,1235,2492,0.83568484
316,/Volumes/SmithL0/2026/BIOL470/Final/Learning_Rig/bee_0408_3/rev/cam1_2026-04-08_18-38-58.mp4,1025.0,2135.5,815,1778,1235,2493,0.83676314
317,/Volumes/SmithL0/2026/BIOL470/Final/Learning_Rig/bee_0408_3/rev/cam1_2026-04-08_18-38-58.mp4,1023.5,2135.5,814,1777,1233,2494,0.8362597
318,/Volumes/SmithL0/2026/BIOL470/Final/Learning_Rig/bee_0408_3/rev/cam1_2026-04-08_18-38-58.mp4,1023.0,2135.0,814,1777,1232,2493,0.8358086
319,/Volumes/SmithL0/2026/BIOL470/Final/Learning_Rig/bee_0408_3/rev/cam1_2026-04-08_18-38-58.mp4,1022.5,2134.5,814,1776,1231,2493,0.8370217
320,/Volumes/SmithL0/2026/BIOL470/Final/Learning_Rig/bee_0408_3/rev/cam1_2026-04-08_18-38-58.mp4,1023.0,2135.0,813,1777,1233,2493,0.8364757
321,/Volumes/SmithL0/2026/BIOL470/Final/Learning_Rig/bee_0408_3/rev/cam1_2026-04-08_18-38-58.mp4,1023.0,2134.0,812,1776,1234,2492,0.8332271
322,/Volumes/SmithL0/2026/BIOL470/Final/Learning_Rig/bee_0408_3/rev/cam1_2026-04-08_18-38-58.mp4,1025.0,2134.0,816,1776,1234,2492,0.8356081
323,/Volumes/SmithL0/2026/BIOL470/Final/Learning_Rig/bee_0408_3/rev/cam1_2026-04-08_18-38-58.mp4,1023.0,2134.5,813,1777,1233,2492,0.8360051
324,/Volumes/SmithL0/2026/BIOL470/Final/Learning_Rig/bee_0408_3/rev/cam1_2026-04-08_18-38-58.mp4,1023.5,2134.0,814,1776,1233,2492,0.8374643
325,/Volumes/SmithL0/2026/BIOL470/Final/Learning_Rig/bee_0408_3/rev/cam1_2026-04-08_18-38-58.mp4,1025.0,2134.0,814,1776,1236,2492,0.83749014
326,/Volumes/SmithL0/2026/BIOL470/Final/Learning_Rig/bee_0408_3/rev/cam1_2026-04-08_18-38-58.mp4,1026.0,2135.0,816,1776,1236,2494,0.8379516
327,/Volumes/SmithL0/2026/BIOL470/Final/Learning_Rig/bee_0408_3/rev/cam1_2026-04-08_18-38-58.mp4,1025.5,2134.5,815,1776,1236,2493,0.8366983
328,/Volumes/SmithL0/2026/BIOL470/Final/Learning_Rig/bee_0408_3/rev/cam1_2026-04-08_18-38-58.mp4,1025.0,2134.0,814,1776,1236,2492,0.83466417
329,/Volumes/SmithL0/2026/BIOL470/Final/Learning_Rig/bee_0408_3/rev/cam1_2026-04-08_18-38-58.mp4,1025.0,2134.0,814,1776,1236,2492,0.8346413
330,/Volumes/SmithL0/2026/BIOL470/Final/Learning_Rig/bee_0408_3/rev/cam1_2026-04-08_18-38-58.mp4,1024.0,2134.0,812,1776,1236,2492,0.8352707
331,/Volumes/SmithL0/2026/BIOL470/Final/Learning_Rig/bee_0408_3/rev/cam1_2026-04-08_18-38-58.mp4,1024.0,2135.5,812,1777,1236,2494,0.83492726
332,/Volumes/SmithL0/2026/BIOL470/Final/Learning_Rig/bee_0408_3/rev/cam1_2026-04-08_18-38-58.mp4,1024.5,2135.5,812,1777,1237,2494,0.8379817
333,/Volumes/SmithL0/2026/BIOL470/Final/Learning_Rig/bee_0408_3/rev/cam1_2026-04-08_18-38-58.mp4,1024.5,2135.5,812,1777,1237,2494,0.8382928
334,/Volumes/SmithL0/2026/BIOL470/Final/Learning_Rig/bee_0408_3/rev/cam1_2026-04-08_18-38-58.mp4,1025.5,2135.5,814,1777,1237,2494,0.83916324
335,/Volumes/SmithL0/2026/BIOL470/Final/Learning_Rig/bee_0408_3/rev/cam1_2026-04-08_18-38-58.mp4,1025.5,2135.0,815,1777,1236,2493,0.8384929
336,/Volumes/SmithL0/2026/BIOL470/Final/Learning_Rig/bee_0408_3/rev/cam1_2026-04-08_18-38-58.mp4,1025.5,2134.5,815,1777,1236,2492,0.83680755
337,/Volumes/SmithL0/2026/BIOL470/Final/Learning_Rig/bee_0408_3/rev/cam1_2026-04-08_18-38-58.mp4,1025.5,2135.5,816,1777,1235,2494,0.8386024
338,/Volumes/SmithL0/2026/BIOL470/Final/Learning_Rig/bee_0408_3/rev/cam1_2026-04-08_18-38-58.mp4,1025.0,2135.5,814,1777,1236,2494,0.83847684
339,/Volumes/SmithL0/2026/BIOL470/Final/Learning_Rig/bee_0408_3/rev/cam1_2026-04-08_18-38-58.mp4,1025.0,2135.5,815,1777,1235,2494,0.83635414
340,/Volumes/SmithL0/2026/BIOL470/Final/Learning_Rig/bee_0408_3/rev/cam1_2026-04-08_18-38-58.mp4,1024.0,2136.0,812,1778,1236,2494,0.83611816
341,/Volumes/SmithL0/2026/BIOL470/Final/Learning_Rig/bee_0408_3/rev/cam1_2026-04-08_18-38-58.mp4,1023.0,2135.5,812,1777,1234,2494,0.8345144
342,/Volumes/SmithL0/2026/BIOL470/Final/Learning_Rig/bee_0408_3/rev/cam1_2026-04-08_18-38-58.mp4,1024.5,2134.5,813,1777,1236,2492,0.83255327
343,/Volumes/SmithL0/2026/BIOL470/Final/Learning_Rig/bee_0408_3/rev/cam1_2026-04-08_18-38-58.mp4,1027.0,2134.5,817,1777,1237,2492,0.8353707
344,/Volumes/SmithL0/2026/BIOL470/Final/Learning_Rig/bee_0408_3/rev/cam1_2026-04-08_18-38-58.mp4,1027.0,2135.0,817,1777,1237,2493,0.835256
345,/Volumes/SmithL0/2026/BIOL470/Final/Learning_Rig/bee_0408_3/rev/cam1_2026-04-08_18-38-58.mp4,1024.0,2136.0,813,1777,1235,2495,0.8337672
346,/Volumes/SmithL0/2026/BIOL470/Final/Learning_Rig/bee_0408_3/rev/cam1_2026-04-08_18-38-58.mp4,1023.0,2135.5,812,1778,1234,2493,0.8346829
347,/Volumes/SmithL0/2026/BIOL470/Final/Learning_Rig/bee_0408_3/rev/cam1_2026-04-08_18-38-58.mp4,1023.5,2135.0,811,1776,1236,2494,0.8360507
348,/Volumes/SmithL0/2026/BIOL470/Final/Learning_Rig/bee_0408_3/rev/cam1_2026-04-08_18-38-58.mp4,1025.0,2135.0,813,1776,1237,2494,0.8361526
349,/Volumes/SmithL0/2026/BIOL470/Final/Learning_Rig/bee_0408_3/rev/cam1_2026-04-08_18-38-58.mp4,1026.0,2135.5,814,1777,1238,2494,0.83572584
350,/Volumes/SmithL0/2026/BIOL470/Final/Learning_Rig/bee_0408_3/rev/cam1_2026-04-08_18-38-58.mp4,1025.5,2135.5,814,1776,1237,2495,0.8366216
351,/Volumes/SmithL0/2026/BIOL470/Final/Learning_Rig/bee_0408_3/rev/cam1_2026-04-08_18-38-58.mp4,1025.5,2135.5,815,1777,1236,2494,0.83716506
352,/Volumes/SmithL0/2026/BIOL470/Final/Learning_Rig/bee_0408_3/rev/cam1_2026-04-08_18-38-58.mp4,1026.0,2136.0,816,1778,1236,2494,0.83669496
353,/Volumes/SmithL0/2026/BIOL470/Final/Learning_Rig/bee_0408_3/rev/cam1_2026-04-08_18-38-58.mp4,1024.5,2135.0,813,1777,1236,2493,0.8349401
354,/Volumes/SmithL0/2026/BIOL470/Final/Learning_Rig/bee_0408_3/rev/cam1_2026-04-08_18-38-58.mp4,1024.5,2135.0,814,1776,1235,2494,0.8375366
355,/Volumes/SmithL0/2026/BIOL470/Final/Learning_Rig/bee_0408_3/rev/cam1_2026-04-08_18-38-58.mp4,1024.5,2135.0,814,1776,1235,2494,0.8377487
356,/Volumes/SmithL0/2026/BIOL470/Final/Learning_Rig/bee_0408_3/rev/cam1_2026-04-08_18-38-58.mp4,1024.0,2135.0,813,1776,1235,2494,0.83645284
357,/Volumes/SmithL0/2026/BIOL470/Final/Learning_Rig/bee_0408_3/rev/cam1_2026-04-08_18-38-58.mp4,1024.0,2134.5,813,1776,1235,2493,0.83676827
358,/Volumes/SmithL0/2026/BIOL470/Final/Learning_Rig/bee_0408_3/rev/cam1_2026-04-08_18-38-58.mp4,1023.0,2134.5,811,1776,1235,2493,0.8347203
359,/Volumes/SmithL0/2026/BIOL470/Final/Learning_Rig/bee_0408_3/rev/cam1_2026-04-08_18-38-58.mp4,1024.0,2134.5,813,1777,1235,2492,0.83598065
360,/Volumes/SmithL0/2026/BIOL470/Final/Learning_Rig/bee_0408_3/rev/cam1_2026-04-08_18-38-58.mp4,1028.0,2141.5,812,1788,1244,2495,0.8359923
361,/Volumes/SmithL0/2026/BIOL470/Final/Learning_Rig/bee_0408_3/rev/cam1_2026-04-08_18-38-58.mp4,1024.0,2134.0,813,1776,1235,2492,0.8357676
362,/Volumes/SmithL0/2026/BIOL470/Final/Learning_Rig/bee_0408_3/rev/cam1_2026-04-08_18-38-58.mp4,1024.5,2135.0,815,1776,1234,2494,0.8360059
363,/Volumes/SmithL0/2026/BIOL470/Final/Learning_Rig/bee_0408_3/rev/cam1_2026-04-08_18-38-58.mp4,1024.5,2135.0,814,1776,1235,2494,0.8372527
364,/Volumes/SmithL0/2026/BIOL470/Final/Learning_Rig/bee_0408_3/rev/cam1_2026-04-08_18-38-58.mp4,1025.5,2136.0,815,1776,1236,2496,0.8382817
365,/Volumes/SmithL0/2026/BIOL470/Final/Learning_Rig/bee_0408_3/rev/cam1_2026-04-08_18-38-58.mp4,1024.0,2135.5,813,1776,1235,2495,0.83698446
366,/Volumes/SmithL0/2026/BIOL470/Final/Learning_Rig/bee_0408_3/rev/cam1_2026-04-08_18-38-58.mp4,1026.0,2134.5,816,1776,1236,2493,0.8361194
367,/Volumes/SmithL0/2026/BIOL470/Final/Learning_Rig/bee_0408_3/rev/cam1_2026-04-08_18-38-58.mp4,1026.5,2135.5,817,1777,1236,2494,0.8376141
368,/Volumes/SmithL0/2026/BIOL470/Final/Learning_Rig/bee_0408_3/rev/cam1_2026-04-08_18-38-58.mp4,1023.5,2135.5,812,1776,1235,2495,0.8353245
369,/Volumes/SmithL0/2026/BIOL470/Final/Learning_Rig/bee_0408_3/rev/cam1_2026-04-08_18-38-58.mp4,1023.5,2134.5,813,1776,1234,2493,0.83617
370,/Volumes/SmithL0/2026/BIOL470/Final/Learning_Rig/bee_0408_3/rev/cam1_2026-04-08_18-38-58.mp4,1026.5,2135.0,817,1777,1236,2493,0.836896
371,/Volumes/SmithL0/2026/BIOL470/Final/Learning_Rig/bee_0408_3/rev/cam1_2026-04-08_18-38-58.mp4,1026.0,2136.0,817,1777,1235,2495,0.83719844
372,/Volumes/SmithL0/2026/BIOL470/Final/Learning_Rig/bee_0408_3/rev/cam1_2026-04-08_18-38-58.mp4,1026.0,2135.0,817,1777,1235,2493,0.8367812
373,/Volumes/SmithL0/2026/BIOL470/Final/Learning_Rig/bee_0408_3/rev/cam1_2026-04-08_18-38-58.mp4,1026.5,2135.0,818,1777,1235,2493,0.83684933
374,/Volumes/SmithL0/2026/BIOL470/Final/Learning_Rig/bee_0408_3/rev/cam1_2026-04-08_18-38-58.mp4,1025.5,2135.0,815,1777,1236,2493,0.8366566
375,/Volumes/SmithL0/2026/BIOL470/Final/Learning_Rig/bee_0408_3/rev/cam1_2026-04-08_18-38-58.mp4,1024.0,2135.0,812,1776,1236,2494,0.83738166
376,/Volumes/SmithL0/2026/BIOL470/Final/Learning_Rig/bee_0408_3/rev/cam1_2026-04-08_18-38-58.mp4,1025.5,2135.5,816,1777,1235,2494,0.8384832
377,/Volumes/SmithL0/2026/BIOL470/Final/Learning_Rig/bee_0408_3/rev/cam1_2026-04-08_18-38-58.mp4,1024.5,2135.0,813,1777,1236,2493,0.8370979
378,/Volumes/SmithL0/2026/BIOL470/Final/Learning_Rig/bee_0408_3/rev/cam1_2026-04-08_18-38-58.mp4,1024.5,2134.5,813,1777,1236,2492,0.8374395
379,/Volumes/SmithL0/2026/BIOL470/Final/Learning_Rig/bee_0408_3/rev/cam1_2026-04-08_18-38-58.mp4,1024.5,2134.5,814,1776,1235,2493,0.8360802
380,/Volumes/SmithL0/2026/BIOL470/Final/Learning_Rig/bee_0408_3/rev/cam1_2026-04-08_18-38-58.mp4,1025.5,2134.5,815,1777,1236,2492,0.8362217
381,/Volumes/SmithL0/2026/BIOL470/Final/Learning_Rig/bee_0408_3/rev/cam1_2026-04-08_18-38-58.mp4,1025.0,2134.5,817,1777,1233,2492,0.8374025
382,/Volumes/SmithL0/2026/BIOL470/Final/Learning_Rig/bee_0408_3/rev/cam1_2026-04-08_18-38-58.mp4,1026.0,2134.5,818,1777,1234,2492,0.8384198
383,/Volumes/SmithL0/2026/BIOL470/Final/Learning_Rig/bee_0408_3/rev/cam1_2026-04-08_18-38-58.mp4,1024.5,2134.5,816,1777,1233,2492,0.83644974
384,/Volumes/SmithL0/2026/BIOL470/Final/Learning_Rig/bee_0408_3/rev/cam1_2026-04-08_18-38-58.mp4,1024.0,2135.0,814,1777,1234,2493,0.83817214
385,/Volumes/SmithL0/2026/BIOL470/Final/Learning_Rig/bee_0408_3/rev/cam1_2026-04-08_18-38-58.mp4,1022.0,2135.5,811,1777,1233,2494,0.83446914
386,/Volumes/SmithL0/2026/BIOL470/Final/Learning_Rig/bee_0408_3/rev/cam1_2026-04-08_18-38-58.mp4,1021.5,2136.0,810,1777,1233,2495,0.8342519
387,/Volumes/SmithL0/2026/BIOL470/Final/Learning_Rig/bee_0408_3/rev/cam1_2026-04-08_18-38-58.mp4,1023.0,2135.0,812,1776,1234,2494,0.8354242
388,/Volumes/SmithL0/2026/BIOL470/Final/Learning_Rig/bee_0408_3/rev/cam1_2026-04-08_18-38-58.mp4,1024.5,2134.5,812,1777,1237,2492,0.83634055
389,/Volumes/SmithL0/2026/BIOL470/Final/Learning_Rig/bee_0408_3/rev/cam1_2026-04-08_18-38-58.mp4,1023.5,2135.0,813,1777,1234,2493,0.836287
390,/Volumes/SmithL0/2026/BIOL470/Final/Learning_Rig/bee_0408_3/rev/cam1_2026-04-08_18-38-58.mp4,1023.0,2135.0,812,1777,1234,2493,0.8357951
391,/Volumes/SmithL0/2026/BIOL470/Final/Learning_Rig/bee_0408_3/rev/cam1_2026-04-08_18-38-58.mp4,1023.5,2135.0,813,1777,1234,2493,0.8337775
392,/Volumes/SmithL0/2026/BIOL470/Final/Learning_Rig/bee_0408_3/rev/cam1_2026-04-08_18-38-58.mp4,1023.5,2135.5,815,1777,1232,2494,0.8352988
393,/Volumes/SmithL0/2026/BIOL470/Final/Learning_Rig/bee_0408_3/rev/cam1_2026-04-08_18-38-58.mp4,1024.5,2134.5,816,1776,1233,2493,0.83529824
394,/Volumes/SmithL0/2026/BIOL470/Final/Learning_Rig/bee_0408_3/rev/cam1_2026-04-08_18-38-58.mp4,1024.0,2135.0,814,1776,1234,2494,0.8356315
395,/Volumes/SmithL0/2026/BIOL470/Final/Learning_Rig/bee_0408_3/rev/cam1_2026-04-08_18-38-58.mp4,1024.0,2135.0,813,1776,1235,2494,0.83426756
396,/Volumes/SmithL0/2026/BIOL470/Final/Learning_Rig/bee_0408_3/rev/cam1_2026-04-08_18-38-58.mp4,1023.0,2135.0,812,1777,1234,2493,0.8349694
397,/Volumes/SmithL0/2026/BIOL470/Final/Learning_Rig/bee_0408_3/rev/cam1_2026-04-08_18-38-58.mp4,1024.0,2135.0,814,1777,1234,2493,0.8359778
398,/Volumes/SmithL0/2026/BIOL470/Final/Learning_Rig/bee_0408_3/rev/cam1_2026-04-08_18-38-58.mp4,1022.5,2136.0,810,1776,1235,2496,0.8353146
399,/Volumes/SmithL0/2026/BIOL470/Final/Learning_Rig/bee_0408_3/rev/cam1_2026-04-08_18-38-58.mp4,1023.0,2136.0,811,1776,1235,2496,0.83751684
400,/Volumes/SmithL0/2026/BIOL470/Final/Learning_Rig/bee_0408_3/rev/cam1_2026-04-08_18-38-58.mp4,1025.5,2135.5,815,1776,1236,2495,0.83916557
401,/Volumes/SmithL0/2026/BIOL470/Final/Learning_Rig/bee_0408_3/rev/cam1_2026-04-08_18-38-58.mp4,1024.5,2136.0,813,1777,1236,2495,0.8356603
402,/Volumes/SmithL0/2026/BIOL470/Final/Learning_Rig/bee_0408_3/rev/cam1_2026-04-08_18-38-58.mp4,1023.5,2135.5,812,1776,1235,2495,0.83627
403,/Volumes/SmithL0/2026/BIOL470/Final/Learning_Rig/bee_0408_3/rev/cam1_2026-04-08_18-38-58.mp4,1023.0,2135.5,813,1777,1233,2494,0.83387786
404,/Volumes/SmithL0/2026/BIOL470/Final/Learning_Rig/bee_0408_3/rev/cam1_2026-04-08_18-38-58.mp4,1023.5,2135.0,814,1777,1233,2493,0.8344492
405,/Volumes/SmithL0/2026/BIOL470/Final/Learning_Rig/bee_0408_3/rev/cam1_2026-04-08_18-38-58.mp4,1025.5,2135.5,817,1777,1234,2494,0.8367859
406,/Volumes/SmithL0/2026/BIOL470/Final/Learning_Rig/bee_0408_3/rev/cam1_2026-04-08_18-38-58.mp4,1024.5,2135.5,815,1777,1234,2494,0.83738196
407,/Volumes/SmithL0/2026/BIOL470/Final/Learning_Rig/bee_0408_3/rev/cam1_2026-04-08_18-38-58.mp4,1023.5,2135.5,813,1777,1234,2494,0.83549786
408,/Volumes/SmithL0/2026/BIOL470/Final/Learning_Rig/bee_0408_3/rev/cam1_2026-04-08_18-38-58.mp4,1025.0,2136.0,815,1777,1235,2495,0.8387438
409,/Volumes/SmithL0/2026/BIOL470/Final/Learning_Rig/bee_0408_3/rev/cam1_2026-04-08_18-38-58.mp4,1023.5,2136.0,813,1778,1234,2494,0.8365278
410,/Volumes/SmithL0/2026/BIOL470/Final/Learning_Rig/bee_0408_3/rev/cam1_2026-04-08_18-38-58.mp4,1025.0,2136.0,815,1778,1235,2494,0.83661664
411,/Volumes/SmithL0/2026/BIOL470/Final/Learning_Rig/bee_0408_3/rev/cam1_2026-04-08_18-38-58.mp4,1022.0,2135.5,810,1777,1234,2494,0.83545184
412,/Volumes/SmithL0/2026/BIOL470/Final/Learning_Rig/bee_0408_3/rev/cam1_2026-04-08_18-38-58.mp4,1023.0,2136.0,813,1778,1233,2494,0.83373576
413,/Volumes/SmithL0/2026/BIOL470/Final/Learning_Rig/bee_0408_3/rev/cam1_2026-04-08_18-38-58.mp4,1023.0,2136.0,812,1778,1234,2494,0.83489865
414,/Volumes/SmithL0/2026/BIOL470/Final/Learning_Rig/bee_0408_3/rev/cam1_2026-04-08_18-38-58.mp4,1023.0,2135.0,811,1777,1235,2493,0.8350938
415,/Volumes/SmithL0/2026/BIOL470/Final/Learning_Rig/bee_0408_3/rev/cam1_2026-04-08_18-38-58.mp4,1023.5,2134.5,813,1777,1234,2492,0.8359576
416,/Volumes/SmithL0/2026/BIOL470/Final/Learning_Rig/bee_0408_3/rev/cam1_2026-04-08_18-38-58.mp4,1025.0,2135.0,815,1777,1235,2493,0.8370263
417,/Volumes/SmithL0/2026/BIOL470/Final/Learning_Rig/bee_0408_3/rev/cam1_2026-04-08_18-38-58.mp4,1023.0,2135.5,813,1777,1233,2494,0.8378252
418,/Volumes/SmithL0/2026/BIOL470/Final/Learning_Rig/bee_0408_3/rev/cam1_2026-04-08_18-38-58.mp4,1024.0,2136.5,814,1777,1234,2496,0.83869815
419,/Volumes/SmithL0/2026/BIOL470/Final/Learning_Rig/bee_0408_3/rev/cam1_2026-04-08_18-38-58.mp4,1024.0,2135.5,814,1777,1234,2494,0.8385426
420,/Volumes/SmithL0/2026/BIOL470/Final/Learning_Rig/bee_0408_3/rev/cam1_2026-04-08_18-38-58.mp4,1024.0,2135.5,812,1776,1236,2495,0.8381277
421,/Volumes/SmithL0/2026/BIOL470/Final/Learning_Rig/bee_0408_3/rev/cam1_2026-04-08_18-38-58.mp4,1023.0,2135.5,812,1777,1234,2494,0.83853316
422,/Volumes/SmithL0/2026/BIOL470/Final/Learning_Rig/bee_0408_3/rev/cam1_2026-04-08_18-38-58.mp4,1023.0,2135.5,812,1777,1234,2494,0.83771765
423,/Volumes/SmithL0/2026/BIOL470/Final/Learning_Rig/bee_0408_3/rev/cam1_2026-04-08_18-38-58.mp4,1025.0,2135.5,815,1777,1235,2494,0.83816177
424,/Volumes/SmithL0/2026/BIOL470/Final/Learning_Rig/bee_0408_3/rev/cam1_2026-04-08_18-38-58.mp4,1024.0,2135.5,814,1777,1234,2494,0.83762014
425,/Volumes/SmithL0/2026/BIOL470/Final/Learning_Rig/bee_0408_3/rev/cam1_2026-04-08_18-38-58.mp4,1026.0,2136.0,817,1778,1235,2494,0.8377455
426,/Volumes/SmithL0/2026/BIOL470/Final/Learning_Rig/bee_0408_3/rev/cam1_2026-04-08_18-38-58.mp4,1023.0,2135.0,812,1777,1234,2493,0.8358297
427,/Volumes/SmithL0/2026/BIOL470/Final/Learning_Rig/bee_0408_3/rev/cam1_2026-04-08_18-38-58.mp4,1022.0,2135.0,811,1777,1233,2493,0.8341746
428,/Volumes/SmithL0/2026/BIOL470/Final/Learning_Rig/bee_0408_3/rev/cam1_2026-04-08_18-38-58.mp4,1020.5,2135.0,808,1777,1233,2493,0.83326715
429,/Volumes/SmithL0/2026/BIOL470/Final/Learning_Rig/bee_0408_3/rev/cam1_2026-04-08_18-38-58.mp4,1021.5,2135.0,810,1776,1233,2494,0.83618265
430,/Volumes/SmithL0/2026/BIOL470/Final/Learning_Rig/bee_0408_3/rev/cam1_2026-04-08_18-38-58.mp4,1022.0,2134.5,811,1776,1233,2493,0.83705914
431,/Volumes/SmithL0/2026/BIOL470/Final/Learning_Rig/bee_0408_3/rev/cam1_2026-04-08_18-38-58.mp4,1024.0,2134.5,815,1777,1233,2492,0.8361616
432,/Volumes/SmithL0/2026/BIOL470/Final/Learning_Rig/bee_0408_3/rev/cam1_2026-04-08_18-38-58.mp4,1025.5,2134.5,816,1777,1235,2492,0.83877677
433,/Volumes/SmithL0/2026/BIOL470/Final/Learning_Rig/bee_0408_3/rev/cam1_2026-04-08_18-38-58.mp4,1025.0,2135.0,814,1776,1236,2494,0.8383291
434,/Volumes/SmithL0/2026/BIOL470/Final/Learning_Rig/bee_0408_3/rev/cam1_2026-04-08_18-38-58.mp4,1025.0,2135.0,815,1777,1235,2493,0.83763635
435,/Volumes/SmithL0/2026/BIOL470/Final/Learning_Rig/bee_0408_3/rev/cam1_2026-04-08_18-38-58.mp4,1025.0,2135.0,815,1777,1235,2493,0.83772165
436,/Volumes/SmithL0/2026/BIOL470/Final/Learning_Rig/bee_0408_3/rev/cam1_2026-04-08_18-38-58.mp4,1024.0,2134.5,813,1776,1235,2493,0.8369622
437,/Volumes/SmithL0/2026/BIOL470/Final/Learning_Rig/bee_0408_3/rev/cam1_2026-04-08_18-38-58.mp4,1021.5,2135.5,809,1777,1234,2494,0.8360597
438,/Volumes/SmithL0/2026/BIOL470/Final/Learning_Rig/bee_0408_3/rev/cam1_2026-04-08_18-38-58.mp4,1020.0,2134.5,807,1776,1233,2493,0.8339304
439,/Volumes/SmithL0/2026/BIOL470/Final/Learning_Rig/bee_0408_3/rev/cam1_2026-04-08_18-38-58.mp4,1021.0,2134.5,809,1777,1233,2492,0.83238846
440,/Volumes/SmithL0/2026/BIOL470/Final/Learning_Rig/bee_0408_3/rev/cam1_2026-04-08_18-38-58.mp4,1022.0,2135.0,811,1777,1233,2493,0.8339056
441,/Volumes/SmithL0/2026/BIOL470/Final/Learning_Rig/bee_0408_3/rev/cam1_2026-04-08_18-38-58.mp4,1020.0,2134.5,809,1776,1231,2493,0.8341004
442,/Volumes/SmithL0/2026/BIOL470/Final/Learning_Rig/bee_0408_3/rev/cam1_2026-04-08_18-38-58.mp4,1022.5,2134.5,812,1777,1233,2492,0.8349493
443,/Volumes/SmithL0/2026/BIOL470/Final/Learning_Rig/bee_0408_3/rev/cam1_2026-04-08_18-38-58.mp4,1022.0,2134.5,811,1777,1233,2492,0.8339822
444,/Volumes/SmithL0/2026/BIOL470/Final/Learning_Rig/bee_0408_3/rev/cam1_2026-04-08_18-38-58.mp4,1022.5,2135.0,812,1777,1233,2493,0.835001
445,/Volumes/SmithL0/2026/BIOL470/Final/Learning_Rig/bee_0408_3/rev/cam1_2026-04-08_18-38-58.mp4,1023.5,2134.5,813,1776,1234,2493,0.8343016
446,/Volumes/SmithL0/2026/BIOL470/Final/Learning_Rig/bee_0408_3/rev/cam1_2026-04-08_18-38-58.mp4,1024.0,2135.5,813,1777,1235,2494,0.83609676
447,/Volumes/SmithL0/2026/BIOL470/Final/Learning_Rig/bee_0408_3/rev/cam1_2026-04-08_18-38-58.mp4,1024.5,2135.5,815,1777,1234,2494,0.83657634
448,/Volumes/SmithL0/2026/BIOL470/Final/Learning_Rig/bee_0408_3/rev/cam1_2026-04-08_18-38-58.mp4,1026.5,2135.5,817,1777,1236,2494,0.8386231
449,/Volumes/SmithL0/2026/BIOL470/Final/Learning_Rig/bee_0408_3/rev/cam1_2026-04-08_18-38-58.mp4,1025.5,2136.0,816,1778,1235,2494,0.8357651
450,/Volumes/SmithL0/2026/BIOL470/Final/Learning_Rig/bee_0408_3/rev/cam1_2026-04-08_18-38-58.mp4,1024.5,2135.5,814,1777,1235,2494,0.8346692
451,/Volumes/SmithL0/2026/BIOL470/Final/Learning_Rig/bee_0408_3/rev/cam1_2026-04-08_18-38-58.mp4,1024.0,2135.5,814,1777,1234,2494,0.8367734
452,/Volumes/SmithL0/2026/BIOL470/Final/Learning_Rig/bee_0408_3/rev/cam1_2026-04-08_18-38-58.mp4,1027.0,2135.5,817,1777,1237,2494,0.83915216
453,/Volumes/SmithL0/2026/BIOL470/Final/Learning_Rig/bee_0408_3/rev/cam1_2026-04-08_18-38-58.mp4,1024.5,2135.5,813,1777,1236,2494,0.837788
454,/Volumes/SmithL0/2026/BIOL470/Final/Learning_Rig/bee_0408_3/rev/cam1_2026-04-08_18-38-58.mp4,1025.5,2135.5,814,1777,1237,2494,0.83870864
455,/Volumes/SmithL0/2026/BIOL470/Final/Learning_Rig/bee_0408_3/rev/cam1_2026-04-08_18-38-58.mp4,1024.5,2136.0,813,1777,1236,2495,0.8386576
456,/Volumes/SmithL0/2026/BIOL470/Final/Learning_Rig/bee_0408_3/rev/cam1_2026-04-08_18-38-58.mp4,1024.0,2135.5,812,1777,1236,2494,0.83700925
457,/Volumes/SmithL0/2026/BIOL470/Final/Learning_Rig/bee_0408_3/rev/cam1_2026-04-08_18-38-58.mp4,1024.0,2135.0,813,1777,1235,2493,0.8364606
458,/Volumes/SmithL0/2026/BIOL470/Final/Learning_Rig/bee_0408_3/rev/cam1_2026-04-08_18-38-58.mp4,1024.5,2134.5,814,1777,1235,2492,0.83652705
459,/Volumes/SmithL0/2026/BIOL470/Final/Learning_Rig/bee_0408_3/rev/cam1_2026-04-08_18-38-58.mp4,1022.5,2135.0,812,1776,1233,2494,0.8383843
460,/Volumes/SmithL0/2026/BIOL470/Final/Learning_Rig/bee_0408_3/rev/cam1_2026-04-08_18-38-58.mp4,1024.0,2134.5,814,1776,1234,2493,0.8382856
461,/Volumes/SmithL0/2026/BIOL470/Final/Learning_Rig/bee_0408_3/rev/cam1_2026-04-08_18-38-58.mp4,1024.0,2135.5,813,1777,1235,2494,0.83629644
462,/Volumes/SmithL0/2026/BIOL470/Final/Learning_Rig/bee_0408_3/rev/cam1_2026-04-08_18-38-58.mp4,1025.0,2135.0,814,1776,1236,2494,0.8366621
463,/Volumes/SmithL0/2026/BIOL470/Final/Learning_Rig/bee_0408_3/rev/cam1_2026-04-08_18-38-58.mp4,1024.0,2135.5,813,1777,1235,2494,0.8364732
464,/Volumes/SmithL0/2026/BIOL470/Final/Learning_Rig/bee_0408_3/rev/cam1_2026-04-08_18-38-58.mp4,1024.0,2135.0,813,1776,1235,2494,0.83535075
465,/Volumes/SmithL0/2026/BIOL470/Final/Learning_Rig/bee_0408_3/rev/cam1_2026-04-08_18-38-58.mp4,1023.5,2135.0,813,1776,1234,2494,0.8359707
466,/Volumes/SmithL0/2026/BIOL470/Final/Learning_Rig/bee_0408_3/rev/cam1_2026-04-08_18-38-58.mp4,1024.5,2135.0,814,1776,1235,2494,0.8364959
467,/Volumes/SmithL0/2026/BIOL470/Final/Learning_Rig/bee_0408_3/rev/cam1_2026-04-08_18-38-58.mp4,1022.0,2134.5,810,1776,1234,2493,0.8341367
468,/Volumes/SmithL0/2026/BIOL470/Final/Learning_Rig/bee_0408_3/rev/cam1_2026-04-08_18-38-58.mp4,1024.0,2135.0,813,1776,1235,2494,0.8364443
469,/Volumes/SmithL0/2026/BIOL470/Final/Learning_Rig/bee_0408_3/rev/cam1_2026-04-08_18-38-58.mp4,1023.5,2135.5,812,1776,1235,2495,0.8381472
470,/Volumes/SmithL0/2026/BIOL470/Final/Learning_Rig/bee_0408_3/rev/cam1_2026-04-08_18-38-58.mp4,1023.0,2135.5,811,1777,1235,2494,0.8367795
471,/Volumes/SmithL0/2026/BIOL470/Final/Learning_Rig/bee_0408_3/rev/cam1_2026-04-08_18-38-58.mp4,1023.5,2136.0,812,1777,1235,2495,0.8375953
472,/Volumes/SmithL0/2026/BIOL470/Final/Learning_Rig/bee_0408_3/rev/cam1_2026-04-08_18-38-58.mp4,1022.5,2135.5,810,1776,1235,2495,0.83836544
473,/Volumes/SmithL0/2026/BIOL470/Final/Learning_Rig/bee_0408_3/rev/cam1_2026-04-08_18-38-58.mp4,1024.5,2135.0,813,1776,1236,2494,0.8390246
474,/Volumes/SmithL0/2026/BIOL470/Final/Learning_Rig/bee_0408_3/rev/cam1_2026-04-08_18-38-58.mp4,1023.0,2134.5,812,1775,1234,2494,0.8365056
475,/Volumes/SmithL0/2026/BIOL470/Final/Learning_Rig/bee_0408_3/rev/cam1_2026-04-08_18-38-58.mp4,1021.5,2134.0,811,1775,1232,2493,0.8338564
476,/Volumes/SmithL0/2026/BIOL470/Final/Learning_Rig/bee_0408_3/rev/cam1_2026-04-08_18-38-58.mp4,1023.5,2135.0,813,1776,1234,2494,0.8373213
477,/Volumes/SmithL0/2026/BIOL470/Final/Learning_Rig/bee_0408_3/rev/cam1_2026-04-08_18-38-58.mp4,1022.5,2135.5,811,1776,1234,2495,0.8373723
478,/Volumes/SmithL0/2026/BIOL470/Final/Learning_Rig/bee_0408_3/rev/cam1_2026-04-08_18-38-58.mp4,1023.0,2135.5,811,1777,1235,2494,0.8354673
479,/Volumes/SmithL0/2026/BIOL470/Final/Learning_Rig/bee_0408_3/rev/cam1_2026-04-08_18-38-58.mp4,1023.5,2135.5,812,1777,1235,2494,0.83419144
480,/Volumes/SmithL0/2026/BIOL470/Final/Learning_Rig/bee_0408_3/rev/cam1_2026-04-08_18-38-58.mp4,1025.5,2135.5,815,1777,1236,2494,0.83509684
481,/Volumes/SmithL0/2026/BIOL470/Final/Learning_Rig/bee_0408_3/rev/cam1_2026-04-08_18-38-58.mp4,1027.0,2135.5,818,1777,1236,2494,0.837181
482,/Volumes/SmithL0/2026/BIOL470/Final/Learning_Rig/bee_0408_3/rev/cam1_2026-04-08_18-38-58.mp4,1025.0,2135.0,814,1776,1236,2494,0.8362935
483,/Volumes/SmithL0/2026/BIOL470/Final/Learning_Rig/bee_0408_3/rev/cam1_2026-04-08_18-38-58.mp4,1022.5,2135.5,812,1777,1233,2494,0.8334851
484,/Volumes/SmithL0/2026/BIOL470/Final/Learning_Rig/bee_0408_3/rev/cam1_2026-04-08_18-38-58.mp4,1023.5,2135.0,813,1776,1234,2494,0.83483887
485,/Volumes/SmithL0/2026/BIOL470/Final/Learning_Rig/bee_0408_3/rev/cam1_2026-04-08_18-38-58.mp4,1022.5,2135.0,811,1776,1234,2494,0.83513254
486,/Volumes/SmithL0/2026/BIOL470/Final/Learning_Rig/bee_0408_3/rev/cam1_2026-04-08_18-38-58.mp4,1024.5,2134.0,814,1775,1235,2493,0.8362763
487,/Volumes/SmithL0/2026/BIOL470/Final/Learning_Rig/bee_0408_3/rev/cam1_2026-04-08_18-38-58.mp4,1023.5,2134.0,812,1775,1235,2493,0.8364485
488,/Volumes/SmithL0/2026/BIOL470/Final/Learning_Rig/bee_0408_3/rev/cam1_2026-04-08_18-38-58.mp4,1024.0,2135.0,812,1776,1236,2494,0.8351978
489,/Volumes/SmithL0/2026/BIOL470/Final/Learning_Rig/bee_0408_3/rev/cam1_2026-04-08_18-38-58.mp4,1024.5,2135.5,813,1777,1236,2494,0.8357735
